NUTS3,Idade,Sexo,Populacao,PctNUTS3,PctNac
Alentejo Central,0,Homens,3025,-0.01971005,-0.020782584
Alentejo Central,5,Homens,3215,-0.020948037,-0.021581477
Alentejo Central,10,Homens,3474,-0.022635608,-0.023265825
Alentejo Central,15,Homens,3756,-0.024473041,-0.025301967
Alentejo Central,20,Homens,4001,-0.026069392,-0.027309068
Alentejo Central,25,Homens,3788,-0.024681544,-0.027437549
Alentejo Central,30,Homens,3835,-0.024987783,-0.028201948
Alentejo Central,35,Homens,4181,-0.027242222,-0.029039752
Alentejo Central,40,Homens,4918,-0.032044307,-0.03308713
Alentejo Central,45,Homens,5630,-0.036683499,-0.037074733
Alentejo Central,50,Homens,5329,-0.034722267,-0.035089813
Alentejo Central,55,Homens,5397,-0.035165336,-0.03332708
Alentejo Central,60,Homens,5403,-0.035204431,-0.032334103
Alentejo Central,65,Homens,4853,-0.031620785,-0.029793436
Alentejo Central,70,Homens,4309,-0.028076234,-0.026515814
Alentejo Central,75,Homens,3308,-0.021553999,-0.021200264
Alentejo Central,80,Homens,2535,-0.016517348,-0.014144819
Alentejo Central,85,Homens,2871,-0.01870663,-0.012303888
Alentejo Central,0,Mulheres,2837,0.018485095,0.019610561
Alentejo Central,5,Mulheres,2994,0.019508063,0.020541788
Alentejo Central,10,Mulheres,3250,0.021176087,0.02239475
Alentejo Central,15,Mulheres,3521,0.022941847,0.024333333
Alentejo Central,20,Mulheres,3751,0.024440463,0.026324926
Alentejo Central,25,Mulheres,3569,0.023254602,0.026175298
Alentejo Central,30,Mulheres,3638,0.023704186,0.027798648
Alentejo Central,35,Mulheres,4154,0.027066297,0.029770785
Alentejo Central,40,Mulheres,5002,0.032591627,0.035139533
Alentejo Central,45,Mulheres,6014,0.039185535,0.040038249
Alentejo Central,50,Mulheres,5760,0.037530542,0.038463021
Alentejo Central,55,Mulheres,5710,0.037204756,0.037622585
Alentejo Central,60,Mulheres,5806,0.037830266,0.0369158
Alentejo Central,65,Mulheres,5390,0.035119726,0.034615835
Alentejo Central,70,Mulheres,5075,0.033067275,0.031675816
Alentejo Central,75,Mulheres,4549,0.029640007,0.0273836
Alentejo Central,80,Mulheres,3739,0.024362274,0.02005249
Alentejo Central,85,Mulheres,4888,0.031848835,0.023351729
Alentejo Litoral,0,Homens,2053,-0.020248945,-0.020782584
Alentejo Litoral,5,Homens,1977,-0.019499349,-0.021581477
Alentejo Litoral,10,Homens,2171,-0.02141279,-0.023265825
Alentejo Litoral,15,Homens,2264,-0.022330059,-0.025301967
Alentejo Litoral,20,Homens,2524,-0.024894465,-0.027309068
Alentejo Litoral,25,Homens,3308,-0.032627135,-0.027437549
Alentejo Litoral,30,Homens,3678,-0.036276482,-0.028201948
Alentejo Litoral,35,Homens,3892,-0.038387186,-0.029039752
Alentejo Litoral,40,Homens,4090,-0.04034008,-0.03308713
Alentejo Litoral,45,Homens,4108,-0.040517615,-0.037074733
Alentejo Litoral,50,Homens,3448,-0.034007969,-0.035089813
Alentejo Litoral,55,Homens,3096,-0.030536158,-0.03332708
Alentejo Litoral,60,Homens,3480,-0.034323589,-0.032334103
Alentejo Litoral,65,Homens,3467,-0.034195368,-0.029793436
Alentejo Litoral,70,Homens,3030,-0.029885194,-0.026515814
Alentejo Litoral,75,Homens,2373,-0.023405137,-0.021200264
Alentejo Litoral,80,Homens,1650,-0.016274115,-0.014144819
Alentejo Litoral,85,Homens,1634,-0.016116306,-0.012303888
Alentejo Litoral,0,Mulheres,1905,0.018789206,0.019610561
Alentejo Litoral,5,Mulheres,1839,0.018138241,0.020541788
Alentejo Litoral,10,Mulheres,2164,0.021343749,0.02239475
Alentejo Litoral,15,Mulheres,2165,0.021353612,0.024333333
Alentejo Litoral,20,Mulheres,2076,0.020475796,0.026324926
Alentejo Litoral,25,Mulheres,2100,0.02071251,0.026175298
Alentejo Litoral,30,Mulheres,2469,0.024351994,0.027798648
Alentejo Litoral,35,Mulheres,2825,0.027863258,0.029770785
Alentejo Litoral,40,Mulheres,3455,0.034077011,0.035139533
Alentejo Litoral,45,Mulheres,3668,0.036177851,0.040038249
Alentejo Litoral,50,Mulheres,3067,0.030250128,0.038463021
Alentejo Litoral,55,Mulheres,3182,0.031384385,0.037622585
Alentejo Litoral,60,Mulheres,3672,0.036217304,0.0369158
Alentejo Litoral,65,Mulheres,3637,0.035872095,0.034615835
Alentejo Litoral,70,Mulheres,3066,0.030240265,0.031675816
Alentejo Litoral,75,Mulheres,2846,0.028070383,0.0273836
Alentejo Litoral,80,Mulheres,2255,0.022241291,0.02005249
Alentejo Litoral,85,Mulheres,2754,0.027162978,0.023351729
Algarve,0,Homens,10917,-0.022550101,-0.020782584
Algarve,5,Homens,11205,-0.023144992,-0.021581477
Algarve,10,Homens,11832,-0.02444012,-0.023265825
Algarve,15,Homens,12506,-0.025832332,-0.025301967
Algarve,20,Homens,12303,-0.025413016,-0.027309068
Algarve,25,Homens,12492,-0.025803413,-0.027437549
Algarve,30,Homens,13352,-0.027579825,-0.028201948
Algarve,35,Homens,14564,-0.030083326,-0.029039752
Algarve,40,Homens,16391,-0.033857168,-0.03308713
Algarve,45,Homens,18240,-0.037676453,-0.037074733
Algarve,50,Homens,16778,-0.034656554,-0.035089813
Algarve,55,Homens,15589,-0.032200561,-0.03332708
Algarve,60,Homens,15376,-0.031760589,-0.032334103
Algarve,65,Homens,15288,-0.031578817,-0.029793436
Algarve,70,Homens,14080,-0.029083578,-0.026515814
Algarve,75,Homens,11189,-0.023111943,-0.021200264
Algarve,80,Homens,7099,-0.014663659,-0.014144819
Algarve,85,Homens,5842,-0.012067206,-0.012303888
Algarve,0,Mulheres,10570,0.02183334,0.019610561
Algarve,5,Mulheres,10770,0.022246459,0.020541788
Algarve,10,Mulheres,11198,0.023130533,0.02239475
Algarve,15,Mulheres,11887,0.024553728,0.024333333
Algarve,20,Mulheres,11602,0.023965034,0.026324926
Algarve,25,Mulheres,11579,0.023917525,0.026175298
Algarve,30,Mulheres,13112,0.027084082,0.027798648
Algarve,35,Mulheres,14717,0.030399362,0.029770785
Algarve,40,Mulheres,17662,0.03648254,0.035139533
Algarve,45,Mulheres,19448,0.040171692,0.040038249
Algarve,50,Mulheres,18315,0.037831373,0.038463021
Algarve,55,Mulheres,17584,0.036321423,0.037622585
Algarve,60,Mulheres,17364,0.035866992,0.0369158
Algarve,65,Mulheres,16605,0.034299206,0.034615835
Algarve,70,Mulheres,15154,0.031302027,0.031675816
Algarve,75,Mulheres,12363,0.025536951,0.0273836
Algarve,80,Mulheres,8925,0.018435436,0.02005249
Algarve,85,Mulheres,10224,0.021118644,0.023351729
Alto Alentejo,0,Homens,1819,-0.017476773,-0.020782584
Alto Alentejo,5,Homens,2077,-0.019955611,-0.021581477
Alto Alentejo,10,Homens,2274,-0.021848368,-0.023265825
Alto Alentejo,15,Homens,2492,-0.023942891,-0.025301967
Alto Alentejo,20,Homens,2645,-0.0254129,-0.027309068
Alto Alentejo,25,Homens,2400,-0.023058964,-0.027437549
Alto Alentejo,30,Homens,2333,-0.022415234,-0.028201948
Alto Alentejo,35,Homens,2552,-0.024519365,-0.029039752
Alto Alentejo,40,Homens,3078,-0.029573121,-0.03308713
Alto Alentejo,45,Homens,3565,-0.034252169,-0.037074733
Alto Alentejo,50,Homens,3626,-0.034838251,-0.035089813
Alto Alentejo,55,Homens,3577,-0.034367464,-0.03332708
Alto Alentejo,60,Homens,3810,-0.036606105,-0.032334103
Alto Alentejo,65,Homens,3512,-0.03374295,-0.029793436
Alto Alentejo,70,Homens,3071,-0.029505866,-0.026515814
Alto Alentejo,75,Homens,2668,-0.025633881,-0.021200264
Alto Alentejo,80,Homens,1824,-0.017524812,-0.014144819
Alto Alentejo,85,Homens,2176,-0.020906794,-0.012303888
Alto Alentejo,0,Mulheres,1796,0.017255791,0.019610561
Alto Alentejo,5,Mulheres,2036,0.019561688,0.020541788
Alto Alentejo,10,Mulheres,2234,0.021464052,0.02239475
Alto Alentejo,15,Mulheres,2356,0.022636216,0.024333333
Alto Alentejo,20,Mulheres,2558,0.024577012,0.026324926
Alto Alentejo,25,Mulheres,2326,0.022347979,0.026175298
Alto Alentejo,30,Mulheres,2245,0.021569739,0.027798648
Alto Alentejo,35,Mulheres,2588,0.024865249,0.029770785
Alto Alentejo,40,Mulheres,3272,0.031437054,0.035139533
Alto Alentejo,45,Mulheres,3814,0.036644536,0.040038249
Alto Alentejo,50,Mulheres,3742,0.035952768,0.038463021
Alto Alentejo,55,Mulheres,3878,0.037259442,0.037622585
Alto Alentejo,60,Mulheres,4092,0.039315533,0.0369158
Alto Alentejo,65,Mulheres,3829,0.036788655,0.034615835
Alto Alentejo,70,Mulheres,3625,0.034828643,0.031675816
Alto Alentejo,75,Mulheres,3401,0.032676473,0.0273836
Alto Alentejo,80,Mulheres,2824,0.027132714,0.02005249
Alto Alentejo,85,Mulheres,3966,0.038104938,0.023351729
Alto Minho,0,Homens,3964,-0.016924621,-0.020782584
Alto Minho,5,Homens,4395,-0.01876481,-0.021581477
Alto Minho,10,Homens,4797,-0.020481182,-0.023265825
Alto Minho,15,Homens,5447,-0.02325641,-0.025301967
Alto Minho,20,Homens,5958,-0.025438166,-0.027309068
Alto Minho,25,Homens,6056,-0.025856585,-0.027437549
Alto Minho,30,Homens,5848,-0.024968512,-0.028201948
Alto Minho,35,Homens,6291,-0.026859936,-0.029039752
Alto Minho,40,Homens,7334,-0.03131311,-0.03308713
Alto Minho,45,Homens,8236,-0.035164272,-0.037074733
Alto Minho,50,Homens,8087,-0.034528105,-0.035089813
Alto Minho,55,Homens,7642,-0.032628141,-0.03332708
Alto Minho,60,Homens,8016,-0.034224964,-0.032334103
Alto Minho,65,Homens,7955,-0.03396452,-0.029793436
Alto Minho,70,Homens,7194,-0.030715368,-0.026515814
Alto Minho,75,Homens,6046,-0.025813889,-0.021200264
Alto Minho,80,Homens,4106,-0.017530901,-0.014144819
Alto Minho,85,Homens,3684,-0.015729138,-0.012303888
Alto Minho,0,Mulheres,3816,0.016292722,0.019610561
Alto Minho,5,Mulheres,4100,0.017505284,0.020541788
Alto Minho,10,Mulheres,4713,0.020122537,0.02239475
Alto Minho,15,Mulheres,5210,0.022244519,0.024333333
Alto Minho,20,Mulheres,5659,0.024161561,0.026324926
Alto Minho,25,Mulheres,5432,0.023192366,0.026175298
Alto Minho,30,Mulheres,5667,0.024195718,0.027798648
Alto Minho,35,Mulheres,6253,0.026697692,0.029770785
Alto Minho,40,Mulheres,7846,0.033499135,0.035139533
Alto Minho,45,Mulheres,8860,0.037828491,0.040038249
Alto Minho,50,Mulheres,8591,0.036679974,0.038463021
Alto Minho,55,Mulheres,8943,0.038182866,0.037622585
Alto Minho,60,Mulheres,9252,0.039502167,0.0369158
Alto Minho,65,Mulheres,9192,0.039245992,0.034615835
Alto Minho,70,Mulheres,8619,0.036799522,0.031675816
Alto Minho,75,Mulheres,7919,0.033810815,0.0273836
Alto Minho,80,Mulheres,5924,0.025293,0.02005249
Alto Minho,85,Mulheres,7163,0.030583011,0.023351729
Alto Tâmega e Barroso,0,Homens,1075,-0.012848247,-0.020782584
Alto Tâmega e Barroso,5,Homens,1325,-0.015836212,-0.021581477
Alto Tâmega e Barroso,10,Homens,1430,-0.017091157,-0.023265825
Alto Tâmega e Barroso,15,Homens,1628,-0.019457625,-0.025301967
Alto Tâmega e Barroso,20,Homens,1854,-0.022158745,-0.027309068
Alto Tâmega e Barroso,25,Homens,1730,-0.020676714,-0.027437549
Alto Tâmega e Barroso,30,Homens,1711,-0.020449629,-0.028201948
Alto Tâmega e Barroso,35,Homens,1851,-0.022122889,-0.029039752
Alto Tâmega e Barroso,40,Homens,2197,-0.026258232,-0.03308713
Alto Tâmega e Barroso,45,Homens,2626,-0.031385579,-0.037074733
Alto Tâmega e Barroso,50,Homens,2696,-0.032222209,-0.035089813
Alto Tâmega e Barroso,55,Homens,2923,-0.034935281,-0.03332708
Alto Tâmega e Barroso,60,Homens,3410,-0.040755835,-0.032334103
Alto Tâmega e Barroso,65,Homens,3653,-0.043660137,-0.029793436
Alto Tâmega e Barroso,70,Homens,3374,-0.040325569,-0.026515814
Alto Tâmega e Barroso,75,Homens,2835,-0.033883517,-0.021200264
Alto Tâmega e Barroso,80,Homens,1849,-0.022098985,-0.014144819
Alto Tâmega e Barroso,85,Homens,1849,-0.022098985,-0.012303888
Alto Tâmega e Barroso,0,Mulheres,1038,0.012406029,0.019610561
Alto Tâmega e Barroso,5,Mulheres,1231,0.014712737,0.020541788
Alto Tâmega e Barroso,10,Mulheres,1360,0.016254527,0.02239475
Alto Tâmega e Barroso,15,Mulheres,1624,0.019409817,0.024333333
Alto Tâmega e Barroso,20,Mulheres,1833,0.021907756,0.026324926
Alto Tâmega e Barroso,25,Mulheres,1631,0.01949348,0.026175298
Alto Tâmega e Barroso,30,Mulheres,1665,0.019899843,0.027798648
Alto Tâmega e Barroso,35,Mulheres,1907,0.022792193,0.029770785
Alto Tâmega e Barroso,40,Mulheres,2283,0.027286092,0.035139533
Alto Tâmega e Barroso,45,Mulheres,2664,0.031839749,0.040038249
Alto Tâmega e Barroso,50,Mulheres,2616,0.03126606,0.038463021
Alto Tâmega e Barroso,55,Mulheres,3241,0.038735972,0.037622585
Alto Tâmega e Barroso,60,Mulheres,3723,0.044496767,0.0369158
Alto Tâmega e Barroso,65,Mulheres,3828,0.045751712,0.034615835
Alto Tâmega e Barroso,70,Mulheres,3703,0.04425773,0.031675816
Alto Tâmega e Barroso,75,Mulheres,3353,0.04007458,0.0273836
Alto Tâmega e Barroso,80,Mulheres,2665,0.031851701,0.02005249
Alto Tâmega e Barroso,85,Mulheres,3288,0.039297709,0.023351729
AM do Porto,0,Homens,35793,-0.019855614,-0.020782584
AM do Porto,5,Homens,37702,-0.020914602,-0.021581477
AM do Porto,10,Homens,40749,-0.022604878,-0.023265825
AM do Porto,15,Homens,44381,-0.024619674,-0.025301967
AM do Porto,20,Homens,49815,-0.027634102,-0.027309068
AM do Porto,25,Homens,50963,-0.028270937,-0.027437549
AM do Porto,30,Homens,52981,-0.029390391,-0.028201948
AM do Porto,35,Homens,53382,-0.02961284,-0.029039752
AM do Porto,40,Homens,59803,-0.03317479,-0.03308713
AM do Porto,45,Homens,66840,-0.037078457,-0.037074733
AM do Porto,50,Homens,64590,-0.035830304,-0.035089813
AM do Porto,55,Homens,62344,-0.034584371,-0.03332708
AM do Porto,60,Homens,59817,-0.033182556,-0.032334103
AM do Porto,65,Homens,53821,-0.029856368,-0.029793436
AM do Porto,70,Homens,47150,-0.026155734,-0.026515814
AM do Porto,75,Homens,36458,-0.020224512,-0.021200264
AM do Porto,80,Homens,22719,-0.012603014,-0.014144819
AM do Porto,85,Homens,19024,-0.01055327,-0.012303888
AM do Porto,0,Mulheres,33826,0.018764451,0.019610561
AM do Porto,5,Mulheres,36042,0.019993743,0.020541788
AM do Porto,10,Mulheres,39578,0.021955284,0.02239475
AM do Porto,15,Mulheres,42953,0.023827513,0.024333333
AM do Porto,20,Mulheres,48214,0.026745972,0.026324926
AM do Porto,25,Mulheres,49154,0.027267422,0.026175298
AM do Porto,30,Mulheres,52905,0.029348231,0.027798648
AM do Porto,35,Mulheres,55291,0.030671828,0.029770785
AM do Porto,40,Mulheres,63868,0.035429786,0.035139533
AM do Porto,45,Mulheres,72778,0.040372471,0.040038249
AM do Porto,50,Mulheres,72584,0.040264852,0.038463021
AM do Porto,55,Mulheres,72036,0.039960858,0.037622585
AM do Porto,60,Mulheres,69549,0.038581233,0.0369158
AM do Porto,65,Mulheres,63829,0.035408151,0.034615835
AM do Porto,70,Mulheres,57242,0.031754115,0.031675816
AM do Porto,75,Mulheres,47108,0.026132435,0.0273836
AM do Porto,80,Mulheres,31976,0.017738192,0.02005249
AM do Porto,85,Mulheres,35399,0.019637048,0.023351729
Ave,0,Homens,8366,-0.019802871,-0.020782584
Ave,5,Homens,8684,-0.020555598,-0.021581477
Ave,10,Homens,9433,-0.02232853,-0.023265825
Ave,15,Homens,10625,-0.025150072,-0.025301967
Ave,20,Homens,12205,-0.028890036,-0.027309068
Ave,25,Homens,12462,-0.029498371,-0.027437549
Ave,30,Homens,12064,-0.028556279,-0.028201948
Ave,35,Homens,12227,-0.028942111,-0.029039752
Ave,40,Homens,13894,-0.032888009,-0.03308713
Ave,45,Homens,15959,-0.037776,-0.037074733
Ave,50,Homens,16013,-0.037903821,-0.035089813
Ave,55,Homens,15935,-0.03771919,-0.03332708
Ave,60,Homens,14913,-0.035300049,-0.032334103
Ave,65,Homens,13700,-0.032428799,-0.029793436
Ave,70,Homens,11182,-0.026468527,-0.026515814
Ave,75,Homens,8026,-0.018998068,-0.021200264
Ave,80,Homens,4873,-0.011534711,-0.014144819
Ave,85,Homens,4230,-0.010012687,-0.012303888
Ave,0,Mulheres,7807,0.018479681,0.019610561
Ave,5,Mulheres,8209,0.019431241,0.020541788
Ave,10,Mulheres,8739,0.020685786,0.02239475
Ave,15,Mulheres,10040,0.023765339,0.024333333
Ave,20,Mulheres,11495,0.027209419,0.026324926
Ave,25,Mulheres,11472,0.027154977,0.026175298
Ave,30,Mulheres,11653,0.027583415,0.027798648
Ave,35,Mulheres,12391,0.02933031,0.029770785
Ave,40,Mulheres,14807,0.03504914,0.035139533
Ave,45,Mulheres,17110,0.040500492,0.040038249
Ave,50,Mulheres,17344,0.041054386,0.038463021
Ave,55,Mulheres,17377,0.041132499,0.037622585
Ave,60,Mulheres,16363,0.038732294,0.0369158
Ave,65,Mulheres,15398,0.036448076,0.034615835
Ave,70,Mulheres,12762,0.030208491,0.031675816
Ave,75,Mulheres,10168,0.024068323,0.0273836
Ave,80,Mulheres,6750,0.015977693,0.02005249
Ave,85,Mulheres,7788,0.018434707,0.023351729
Baixo Alentejo,0,Homens,2494,-0.021545133,-0.020782584
Baixo Alentejo,5,Homens,2514,-0.021717909,-0.021581477
Baixo Alentejo,10,Homens,2688,-0.023221058,-0.023265825
Baixo Alentejo,15,Homens,2689,-0.023229697,-0.025301967
Baixo Alentejo,20,Homens,3109,-0.026857987,-0.027309068
Baixo Alentejo,25,Homens,2987,-0.025804055,-0.027437549
Baixo Alentejo,30,Homens,3084,-0.026642017,-0.028201948
Baixo Alentejo,35,Homens,3261,-0.028171083,-0.029039752
Baixo Alentejo,40,Homens,3764,-0.032516392,-0.03308713
Baixo Alentejo,45,Homens,4176,-0.036075572,-0.037074733
Baixo Alentejo,50,Homens,4019,-0.034719283,-0.035089813
Baixo Alentejo,55,Homens,4234,-0.036576622,-0.03332708
Baixo Alentejo,60,Homens,4214,-0.036403846,-0.032334103
Baixo Alentejo,65,Homens,3926,-0.033915875,-0.029793436
Baixo Alentejo,70,Homens,3446,-0.029769258,-0.026515814
Baixo Alentejo,75,Homens,2703,-0.02335064,-0.021200264
Baixo Alentejo,80,Homens,1799,-0.015541177,-0.014144819
Baixo Alentejo,85,Homens,1686,-0.014564994,-0.012303888
Baixo Alentejo,0,Mulheres,2347,0.020275232,0.019610561
Baixo Alentejo,5,Mulheres,2338,0.020197483,0.020541788
Baixo Alentejo,10,Mulheres,2533,0.021882046,0.02239475
Baixo Alentejo,15,Mulheres,2814,0.024309545,0.024333333
Baixo Alentejo,20,Mulheres,2830,0.024447766,0.026324926
Baixo Alentejo,25,Mulheres,2544,0.021977073,0.026175298
Baixo Alentejo,30,Mulheres,2623,0.022659537,0.027798648
Baixo Alentejo,35,Mulheres,2925,0.02526845,0.029770785
Baixo Alentejo,40,Mulheres,3664,0.031652513,0.035139533
Baixo Alentejo,45,Mulheres,3989,0.034460119,0.040038249
Baixo Alentejo,50,Mulheres,4029,0.03480567,0.038463021
Baixo Alentejo,55,Mulheres,4192,0.036213793,0.037622585
Baixo Alentejo,60,Mulheres,4280,0.036974006,0.0369158
Baixo Alentejo,65,Mulheres,4177,0.036084211,0.034615835
Baixo Alentejo,70,Mulheres,3848,0.03324205,0.031675816
Baixo Alentejo,75,Mulheres,3475,0.030019783,0.0273836
Baixo Alentejo,80,Mulheres,2785,0.02405902,0.02005249
Baixo Alentejo,85,Mulheres,3571,0.030849106,0.023351729
Beira Baixa,0,Homens,1637,-0.016364109,-0.020782584
Beira Baixa,5,Homens,1808,-0.018073494,-0.021581477
Beira Baixa,10,Homens,1881,-0.018803231,-0.023265825
Beira Baixa,15,Homens,2103,-0.021022432,-0.025301967
Beira Baixa,20,Homens,2390,-0.023891399,-0.027309068
Beira Baixa,25,Homens,2308,-0.023071694,-0.027437549
Beira Baixa,30,Homens,2328,-0.023271622,-0.028201948
Beira Baixa,35,Homens,2448,-0.02447119,-0.029039752
Beira Baixa,40,Homens,2937,-0.029359431,-0.03308713
Beira Baixa,45,Homens,3205,-0.032038466,-0.037074733
Beira Baixa,50,Homens,3257,-0.032558279,-0.035089813
Beira Baixa,55,Homens,3389,-0.033877804,-0.03332708
Beira Baixa,60,Homens,3709,-0.037076652,-0.032334103
Beira Baixa,65,Homens,3747,-0.037456516,-0.029793436
Beira Baixa,70,Homens,3546,-0.035447239,-0.026515814
Beira Baixa,75,Homens,2926,-0.02924947,-0.021200264
Beira Baixa,80,Homens,2108,-0.021072414,-0.014144819
Beira Baixa,85,Homens,2290,-0.022891759,-0.012303888
Beira Baixa,0,Mulheres,1474,0.014734696,0.019610561
Beira Baixa,5,Mulheres,1671,0.016703987,0.020541788
Beira Baixa,10,Mulheres,1868,0.018673278,0.02239475
Beira Baixa,15,Mulheres,2018,0.020172738,0.024333333
Beira Baixa,20,Mulheres,2171,0.021702187,0.026324926
Beira Baixa,25,Mulheres,2121,0.021202367,0.026175298
Beira Baixa,30,Mulheres,2168,0.021672198,0.027798648
Beira Baixa,35,Mulheres,2495,0.024941021,0.029770785
Beira Baixa,40,Mulheres,2979,0.029779279,0.035139533
Beira Baixa,45,Mulheres,3402,0.034007757,0.040038249
Beira Baixa,50,Mulheres,3457,0.034557559,0.038463021
Beira Baixa,55,Mulheres,3599,0.035977048,0.037622585
Beira Baixa,60,Mulheres,3889,0.038876005,0.0369158
Beira Baixa,65,Mulheres,3893,0.03891599,0.034615835
Beira Baixa,70,Mulheres,3797,0.037956336,0.031675816
Beira Baixa,75,Mulheres,3536,0.035347275,0.0273836
Beira Baixa,80,Mulheres,3085,0.030838898,0.02005249
Beira Baixa,85,Mulheres,4396,0.04394418,0.023351729
Beiras S. Estrela,0,Homens,3140,-0.01495979,-0.020782584
Beiras S. Estrela,5,Homens,3482,-0.016589168,-0.021581477
Beiras S. Estrela,10,Homens,3790,-0.018056561,-0.023265825
Beiras S. Estrela,15,Homens,4362,-0.02078172,-0.025301967
Beiras S. Estrela,20,Homens,5024,-0.023935663,-0.027309068
Beiras S. Estrela,25,Homens,4853,-0.023120974,-0.027437549
Beiras S. Estrela,30,Homens,4776,-0.022754126,-0.028201948
Beiras S. Estrela,35,Homens,5173,-0.024645539,-0.029039752
Beiras S. Estrela,40,Homens,6123,-0.02917159,-0.03308713
Beiras S. Estrela,45,Homens,6704,-0.031939627,-0.037074733
Beiras S. Estrela,50,Homens,6897,-0.03285913,-0.035089813
Beiras S. Estrela,55,Homens,7264,-0.034607615,-0.03332708
Beiras S. Estrela,60,Homens,7977,-0.038004536,-0.032334103
Beiras S. Estrela,65,Homens,8371,-0.039881656,-0.029793436
Beiras S. Estrela,70,Homens,7440,-0.035446126,-0.026515814
Beiras S. Estrela,75,Homens,5967,-0.028428365,-0.021200264
Beiras S. Estrela,80,Homens,4443,-0.021167626,-0.014144819
Beiras S. Estrela,85,Homens,4373,-0.020834127,-0.012303888
Beiras S. Estrela,0,Mulheres,3010,0.014340435,0.019610561
Beiras S. Estrela,5,Mulheres,3328,0.015855471,0.020541788
Beiras S. Estrela,10,Mulheres,3660,0.017437207,0.02239475
Beiras S. Estrela,15,Mulheres,4287,0.020424401,0.024333333
Beiras S. Estrela,20,Mulheres,4762,0.022687426,0.026324926
Beiras S. Estrela,25,Mulheres,4488,0.021382018,0.026175298
Beiras S. Estrela,30,Mulheres,4301,0.0204911,0.027798648
Beiras S. Estrela,35,Mulheres,5052,0.024069063,0.029770785
Beiras S. Estrela,40,Mulheres,6132,0.029214468,0.035139533
Beiras S. Estrela,45,Mulheres,7113,0.033888211,0.040038249
Beiras S. Estrela,50,Mulheres,7122,0.03393109,0.038463021
Beiras S. Estrela,55,Mulheres,7898,0.037628159,0.037622585
Beiras S. Estrela,60,Mulheres,8730,0.041592027,0.0369158
Beiras S. Estrela,65,Mulheres,8843,0.042130388,0.034615835
Beiras S. Estrela,70,Mulheres,8278,0.039438579,0.031675816
Beiras S. Estrela,75,Mulheres,7784,0.037085033,0.0273836
Beiras S. Estrela,80,Mulheres,6229,0.029676602,0.02005249
Beiras S. Estrela,85,Mulheres,8720,0.041544384,0.023351729
Cávado,0,Homens,8969,-0.020866243,-0.020782584
Cávado,5,Homens,9388,-0.021841041,-0.021581477
Cávado,10,Homens,10254,-0.023855777,-0.023265825
Cávado,15,Homens,11485,-0.02671968,-0.025301967
Cávado,20,Homens,12755,-0.029674315,-0.027309068
Cávado,25,Homens,12818,-0.029820884,-0.027437549
Cávado,30,Homens,12762,-0.029690601,-0.028201948
Cávado,35,Homens,13156,-0.030607236,-0.029039752
Cávado,40,Homens,14766,-0.034352877,-0.03308713
Cávado,45,Homens,16449,-0.038268351,-0.037074733
Cávado,50,Homens,15867,-0.036914336,-0.035089813
Cávado,55,Homens,14874,-0.034604137,-0.03332708
Cávado,60,Homens,14208,-0.033054698,-0.032334103
Cávado,65,Homens,12340,-0.028708824,-0.029793436
Cávado,70,Homens,10432,-0.024269891,-0.026515814
Cávado,75,Homens,7765,-0.018065156,-0.021200264
Cávado,80,Homens,4740,-0.011027539,-0.014144819
Cávado,85,Homens,4368,-0.010162086,-0.012303888
Cávado,0,Mulheres,8181,0.019032973,0.019610561
Cávado,5,Mulheres,8923,0.020759225,0.020541788
Cávado,10,Mulheres,9842,0.022897265,0.02239475
Cávado,15,Mulheres,10849,0.025240035,0.024333333
Cávado,20,Mulheres,12270,0.02854597,0.026324926
Cávado,25,Mulheres,12247,0.028492461,0.026175298
Cávado,30,Mulheres,12514,0.029113633,0.027798648
Cávado,35,Mulheres,13496,0.031398241,0.029770785
Cávado,40,Mulheres,15922,0.037042293,0.035139533
Cávado,45,Mulheres,18133,0.042186151,0.040038249
Cávado,50,Mulheres,17643,0.041046174,0.038463021
Cávado,55,Mulheres,16719,0.038896502,0.037622585
Cávado,60,Mulheres,15728,0.036590955,0.0369158
Cávado,65,Mulheres,13921,0.032386997,0.034615835
Cávado,70,Mulheres,12004,0.027927125,0.031675816
Cávado,75,Mulheres,9567,0.022257481,0.0273836
Cávado,80,Mulheres,6618,0.015396677,0.02005249
Cávado,85,Mulheres,7860,0.018286172,0.023351729
Douro,0,Homens,2738,-0.014864681,-0.020782584
Douro,5,Homens,3136,-0.017025435,-0.021581477
Douro,10,Homens,3561,-0.019332772,-0.023265825
Douro,15,Homens,4127,-0.022405603,-0.025301967
Douro,20,Homens,4850,-0.026330791,-0.027309068
Douro,25,Homens,4640,-0.025190695,-0.027437549
Douro,30,Homens,4214,-0.022877928,-0.028201948
Douro,35,Homens,4356,-0.02364885,-0.029039752
Douro,40,Homens,5458,-0.02963164,-0.03308713
Douro,45,Homens,6276,-0.034072586,-0.037074733
Douro,50,Homens,6437,-0.03494666,-0.035089813
Douro,55,Homens,6799,-0.036911968,-0.03332708
Douro,60,Homens,7432,-0.040348544,-0.032334103
Douro,65,Homens,6958,-0.037775184,-0.029793436
Douro,70,Homens,6134,-0.033301664,-0.026515814
Douro,75,Homens,4649,-0.025239556,-0.021200264
Douro,80,Homens,3254,-0.01766606,-0.014144819
Douro,85,Homens,2987,-0.01621651,-0.012303888
Douro,0,Mulheres,2761,0.014989549,0.019610561
Douro,5,Mulheres,3041,0.016509677,0.020541788
Douro,10,Mulheres,3514,0.019077608,0.02239475
Douro,15,Mulheres,3921,0.021287223,0.024333333
Douro,20,Mulheres,4630,0.025136404,0.026324926
Douro,25,Mulheres,4193,0.022763919,0.026175298
Douro,30,Mulheres,4146,0.022508754,0.027798648
Douro,35,Mulheres,4644,0.025212411,0.029770785
Douro,40,Mulheres,5882,0.031933549,0.035139533
Douro,45,Mulheres,6541,0.035511279,0.040038249
Douro,50,Mulheres,6778,0.036797959,0.038463021
Douro,55,Mulheres,7365,0.039984799,0.037622585
Douro,60,Mulheres,7959,0.043209642,0.0369158
Douro,65,Mulheres,7612,0.041325769,0.034615835
Douro,70,Mulheres,6677,0.036249627,0.031675816
Douro,75,Mulheres,5992,0.032530742,0.0273836
Douro,80,Mulheres,4758,0.02583132,0.02005249
Douro,85,Mulheres,5775,0.031352643,0.023351729
Grande Lisboa,0,Homens,52547,-0.024709651,-0.020782584
Grande Lisboa,5,Homens,51418,-0.024178751,-0.021581477
Grande Lisboa,10,Homens,53874,-0.025333658,-0.023265825
Grande Lisboa,15,Homens,55992,-0.026329624,-0.025301967
Grande Lisboa,20,Homens,57742,-0.027152543,-0.027309068
Grande Lisboa,25,Homens,60048,-0.028236914,-0.027437549
Grande Lisboa,30,Homens,66516,-0.03127842,-0.028201948
Grande Lisboa,35,Homens,66113,-0.031088914,-0.029039752
Grande Lisboa,40,Homens,71453,-0.03359999,-0.03308713
Grande Lisboa,45,Homens,79309,-0.037294188,-0.037074733
Grande Lisboa,50,Homens,71845,-0.033784324,-0.035089813
Grande Lisboa,55,Homens,63636,-0.029924132,-0.03332708
Grande Lisboa,60,Homens,58272,-0.027401769,-0.032334103
Grande Lisboa,65,Homens,52128,-0.024512621,-0.029793436
Grande Lisboa,70,Homens,48014,-0.022578057,-0.026515814
Grande Lisboa,75,Homens,40741,-0.019158009,-0.021200264
Grande Lisboa,80,Homens,27688,-0.013019979,-0.014144819
Grande Lisboa,85,Homens,22997,-0.010814087,-0.012303888
Grande Lisboa,0,Mulheres,49761,0.023399565,0.019610561
Grande Lisboa,5,Mulheres,48804,0.022949546,0.020541788
Grande Lisboa,10,Mulheres,52038,0.024470299,0.02239475
Grande Lisboa,15,Mulheres,54236,0.025503885,0.024333333
Grande Lisboa,20,Mulheres,56770,0.02669547,0.026324926
Grande Lisboa,25,Mulheres,59113,0.02779724,0.026175298
Grande Lisboa,30,Mulheres,68436,0.032181279,0.027798648
Grande Lisboa,35,Mulheres,69063,0.032476119,0.029770785
Grande Lisboa,40,Mulheres,77958,0.036658895,0.035139533
Grande Lisboa,45,Mulheres,88968,0.041836227,0.040038249
Grande Lisboa,50,Mulheres,82169,0.038639072,0.038463021
Grande Lisboa,55,Mulheres,75573,0.035537375,0.037622585
Grande Lisboa,60,Mulheres,70439,0.033123168,0.0369158
Grande Lisboa,65,Mulheres,66022,0.031046122,0.034615835
Grande Lisboa,70,Mulheres,63529,0.029873816,0.031675816
Grande Lisboa,75,Mulheres,56692,0.026658792,0.0273836
Grande Lisboa,80,Mulheres,40434,0.019013645,0.02005249
Grande Lisboa,85,Mulheres,46240,0.021743853,0.023351729
Lezíria do Tejo,0,Homens,4995,-0.020160314,-0.020782584
Lezíria do Tejo,5,Homens,5320,-0.021472046,-0.021581477
Lezíria do Tejo,10,Homens,5751,-0.023211605,-0.023265825
Lezíria do Tejo,15,Homens,6461,-0.026077235,-0.025301967
Lezíria do Tejo,20,Homens,6957,-0.02807914,-0.027309068
Lezíria do Tejo,25,Homens,6530,-0.026355726,-0.027437549
Lezíria do Tejo,30,Homens,6439,-0.025988441,-0.028201948
Lezíria do Tejo,35,Homens,7051,-0.028458533,-0.029039752
Lezíria do Tejo,40,Homens,8212,-0.033144444,-0.03308713
Lezíria do Tejo,45,Homens,9334,-0.037672947,-0.037074733
Lezíria do Tejo,50,Homens,8988,-0.036276457,-0.035089813
Lezíria do Tejo,55,Homens,8114,-0.032748906,-0.03332708
Lezíria do Tejo,60,Homens,7955,-0.032107166,-0.032334103
Lezíria do Tejo,65,Homens,7325,-0.029564424,-0.029793436
Lezíria do Tejo,70,Homens,6698,-0.02703379,-0.026515814
Lezíria do Tejo,75,Homens,5608,-0.022634442,-0.021200264
Lezíria do Tejo,80,Homens,4012,-0.016192829,-0.014144819
Lezíria do Tejo,85,Homens,3405,-0.013742917,-0.012303888
Lezíria do Tejo,0,Mulheres,4757,0.019199722,0.019610561
Lezíria do Tejo,5,Mulheres,5223,0.021080544,0.020541788
Lezíria do Tejo,10,Mulheres,5605,0.022622334,0.02239475
Lezíria do Tejo,15,Mulheres,6353,0.025641336,0.024333333
Lezíria do Tejo,20,Mulheres,6432,0.025960188,0.026324926
Lezíria do Tejo,25,Mulheres,6036,0.024361893,0.026175298
Lezíria do Tejo,30,Mulheres,6021,0.024301351,0.027798648
Lezíria do Tejo,35,Mulheres,6795,0.027425292,0.029770785
Lezíria do Tejo,40,Mulheres,8476,0.034209974,0.035139533
Lezíria do Tejo,45,Mulheres,9770,0.039432686,0.040038249
Lezíria do Tejo,50,Mulheres,9257,0.037362167,0.038463021
Lezíria do Tejo,55,Mulheres,8938,0.036074652,0.037622585
Lezíria do Tejo,60,Mulheres,8895,0.035901099,0.0369158
Lezíria do Tejo,65,Mulheres,8418,0.03397588,0.034615835
Lezíria do Tejo,70,Mulheres,7957,0.032115239,0.031675816
Lezíria do Tejo,75,Mulheres,7176,0.028963045,0.0273836
Lezíria do Tejo,80,Mulheres,5782,0.023336724,0.02005249
Lezíria do Tejo,85,Mulheres,6718,0.027114512,0.023351729
Médio Tejo,0,Homens,3870,-0.017881648,-0.020782584
Médio Tejo,5,Homens,4200,-0.01940644,-0.021581477
Médio Tejo,10,Homens,4706,-0.021744454,-0.023265825
Médio Tejo,15,Homens,5321,-0.024586111,-0.025301967
Médio Tejo,20,Homens,5777,-0.026693096,-0.027309068
Médio Tejo,25,Homens,5504,-0.025431678,-0.027437549
Médio Tejo,30,Homens,5283,-0.024410529,-0.028201948
Médio Tejo,35,Homens,5525,-0.02552871,-0.029039752
Médio Tejo,40,Homens,6550,-0.030264805,-0.03308713
Médio Tejo,45,Homens,7342,-0.033924306,-0.037074733
Médio Tejo,50,Homens,7240,-0.033453006,-0.035089813
Médio Tejo,55,Homens,7620,-0.035208827,-0.03332708
Médio Tejo,60,Homens,7809,-0.036082117,-0.032334103
Médio Tejo,65,Homens,7289,-0.033679415,-0.029793436
Médio Tejo,70,Homens,6378,-0.029470066,-0.026515814
Médio Tejo,75,Homens,5118,-0.023648134,-0.021200264
Médio Tejo,80,Homens,3854,-0.017807719,-0.014144819
Médio Tejo,85,Homens,3712,-0.017151597,-0.012303888
Médio Tejo,0,Mulheres,3512,0.01622748,0.019610561
Médio Tejo,5,Mulheres,4027,0.01860708,0.020541788
Médio Tejo,10,Mulheres,4412,0.020386003,0.02239475
Médio Tejo,15,Mulheres,5102,0.023574204,0.024333333
Médio Tejo,20,Mulheres,5475,0.025297681,0.026324926
Médio Tejo,25,Mulheres,5105,0.023588066,0.026175298
Médio Tejo,30,Mulheres,4998,0.023093664,0.027798648
Médio Tejo,35,Mulheres,5663,0.02616635,0.029770785
Médio Tejo,40,Mulheres,6768,0.031272092,0.035139533
Médio Tejo,45,Mulheres,7726,0.035698609,0.040038249
Médio Tejo,50,Mulheres,7980,0.036872236,0.038463021
Médio Tejo,55,Mulheres,8283,0.038272272,0.037622585
Médio Tejo,60,Mulheres,8507,0.039307282,0.0369158
Médio Tejo,65,Mulheres,8120,0.037519118,0.034615835
Médio Tejo,70,Mulheres,7460,0.034469534,0.031675816
Médio Tejo,75,Mulheres,6822,0.031521604,0.0273836
Médio Tejo,80,Mulheres,5731,0.02648055,0.02005249
Médio Tejo,85,Mulheres,7634,0.035273515,0.023351729
Oeste,0,Homens,8156,-0.020999186,-0.020782584
Oeste,5,Homens,8479,-0.021830812,-0.021581477
Oeste,10,Homens,9182,-0.02364082,-0.023265825
Oeste,15,Homens,10083,-0.025960618,-0.025301967
Oeste,20,Homens,10784,-0.027765476,-0.027309068
Oeste,25,Homens,10860,-0.027961153,-0.027437549
Oeste,30,Homens,10846,-0.027925107,-0.028201948
Oeste,35,Homens,11138,-0.028676917,-0.029039752
Oeste,40,Homens,13304,-0.0342537,-0.03308713
Oeste,45,Homens,14606,-0.037605949,-0.037074733
Oeste,50,Homens,13647,-0.035136819,-0.035089813
Oeste,55,Homens,12935,-0.033303639,-0.03332708
Oeste,60,Homens,12319,-0.031717628,-0.032334103
Oeste,65,Homens,11513,-0.029642427,-0.029793436
Oeste,70,Homens,10748,-0.027672788,-0.026515814
Oeste,75,Homens,8594,-0.022126901,-0.021200264
Oeste,80,Homens,5923,-0.0152499,-0.014144819
Oeste,85,Homens,4810,-0.012384268,-0.012303888
Oeste,0,Mulheres,7651,0.019698967,0.019610561
Oeste,5,Mulheres,8229,0.021187139,0.020541788
Oeste,10,Mulheres,8920,0.022966251,0.02239475
Oeste,15,Mulheres,9688,0.024943614,0.024333333
Oeste,20,Mulheres,10319,0.026568245,0.026324926
Oeste,25,Mulheres,10167,0.026176892,0.026175298
Oeste,30,Mulheres,10285,0.026480705,0.027798648
Oeste,35,Mulheres,11267,0.029009053,0.029770785
Oeste,40,Mulheres,13728,0.035345369,0.035139533
Oeste,45,Mulheres,15394,0.039634806,0.040038249
Oeste,50,Mulheres,14813,0.03813891,0.038463021
Oeste,55,Mulheres,14033,0.03613065,0.037622585
Oeste,60,Mulheres,13713,0.035306749,0.0369158
Oeste,65,Mulheres,12909,0.033236697,0.034615835
Oeste,70,Mulheres,12050,0.031025036,0.031675816
Oeste,75,Mulheres,10578,0.02723509,0.0273836
Oeste,80,Mulheres,7978,0.020540891,0.02005249
Oeste,85,Mulheres,8747,0.022520829,0.023351729
Península de Setúbal,0,Homens,19682,-0.023582583,-0.020782584
Península de Setúbal,5,Homens,19885,-0.023825813,-0.021581477
Península de Setúbal,10,Homens,21741,-0.026049636,-0.023265825
Península de Setúbal,15,Homens,23157,-0.027746259,-0.025301967
Península de Setúbal,20,Homens,22836,-0.027361643,-0.027309068
Península de Setúbal,25,Homens,21829,-0.026155076,-0.027437549
Península de Setúbal,30,Homens,22804,-0.027323301,-0.028201948
Península de Setúbal,35,Homens,23840,-0.028564616,-0.029039752
Península de Setúbal,40,Homens,28220,-0.033812645,-0.03308713
Península de Setúbal,45,Homens,32937,-0.039464461,-0.037074733
Península de Setúbal,50,Homens,28902,-0.034629804,-0.035089813
Península de Setúbal,55,Homens,24824,-0.029743625,-0.03332708
Península de Setúbal,60,Homens,23341,-0.027966724,-0.032334103
Península de Setúbal,65,Homens,22370,-0.026803291,-0.029793436
Península de Setúbal,70,Homens,20848,-0.024979661,-0.026515814
Península de Setúbal,75,Homens,17955,-0.021513326,-0.021200264
Península de Setúbal,80,Homens,11736,-0.014061843,-0.014144819
Península de Setúbal,85,Homens,9076,-0.010874684,-0.012303888
Península de Setúbal,0,Mulheres,18742,0.022456293,0.019610561
Península de Setúbal,5,Mulheres,19092,0.022875656,0.020541788
Península de Setúbal,10,Mulheres,20945,0.025095884,0.02239475
Península de Setúbal,15,Mulheres,21992,0.026350379,0.024333333
Península de Setúbal,20,Mulheres,22571,0.027044125,0.026324926
Península de Setúbal,25,Mulheres,21763,0.026075996,0.026175298
Península de Setúbal,30,Mulheres,23712,0.028411249,0.027798648
Península de Setúbal,35,Mulheres,25824,0.030941806,0.029770785
Península de Setúbal,40,Mulheres,30429,0.036459425,0.035139533
Península de Setúbal,45,Mulheres,36080,0.043230342,0.040038249
Península de Setúbal,50,Mulheres,31692,0.037972727,0.038463021
Península de Setúbal,55,Mulheres,28860,0.034579481,0.037622585
Península de Setúbal,60,Mulheres,28161,0.033741953,0.0369158
Península de Setúbal,65,Mulheres,27568,0.033031432,0.034615835
Península de Setúbal,70,Mulheres,26008,0.031162271,0.031675816
Península de Setúbal,75,Mulheres,22996,0.027553352,0.0273836
Península de Setúbal,80,Mulheres,15752,0.018873735,0.02005249
Península de Setúbal,85,Mulheres,16429,0.019684903,0.023351729
RA da Madeira,0,Homens,4819,-0.018778593,-0.020782584
RA da Madeira,5,Homens,5226,-0.020364583,-0.021581477
RA da Madeira,10,Homens,5899,-0.022987117,-0.023265825
RA da Madeira,15,Homens,7123,-0.027756778,-0.025301967
RA da Madeira,20,Homens,7685,-0.02994677,-0.027309068
RA da Madeira,25,Homens,6968,-0.027152777,-0.027437549
RA da Madeira,30,Homens,6709,-0.026143511,-0.028201948
RA da Madeira,35,Homens,7573,-0.02951033,-0.029039752
RA da Madeira,40,Homens,8766,-0.034159191,-0.03308713
RA da Madeira,45,Homens,10399,-0.040522636,-0.037074733
RA da Madeira,50,Homens,9747,-0.037981935,-0.035089813
RA da Madeira,55,Homens,9859,-0.038418374,-0.03332708
RA da Madeira,60,Homens,9051,-0.035269774,-0.032334103
RA da Madeira,65,Homens,7198,-0.028049037,-0.029793436
RA da Madeira,70,Homens,5819,-0.022675375,-0.026515814
RA da Madeira,75,Homens,3983,-0.015520883,-0.021200264
RA da Madeira,80,Homens,2441,-0.009512045,-0.014144819
RA da Madeira,85,Homens,1731,-0.00674533,-0.012303888
RA da Madeira,0,Mulheres,4504,0.017551106,0.019610561
RA da Madeira,5,Mulheres,5105,0.019893072,0.020541788
RA da Madeira,10,Mulheres,5727,0.022316871,0.02239475
RA da Madeira,15,Mulheres,6705,0.026127924,0.024333333
RA da Madeira,20,Mulheres,7465,0.029089478,0.026324926
RA da Madeira,25,Mulheres,6648,0.025905807,0.026175298
RA da Madeira,30,Mulheres,6661,0.025956465,0.027798648
RA da Madeira,35,Mulheres,7765,0.030258513,0.029770785
RA da Madeira,40,Mulheres,9285,0.036181621,0.035139533
RA da Madeira,45,Mulheres,10721,0.0417774,0.040038249
RA da Madeira,50,Mulheres,10561,0.041153915,0.038463021
RA da Madeira,55,Mulheres,11075,0.043156861,0.037622585
RA da Madeira,60,Mulheres,10924,0.042568447,0.0369158
RA da Madeira,65,Mulheres,9124,0.035554239,0.034615835
RA da Madeira,70,Mulheres,7694,0.029981841,0.031675816
RA da Madeira,75,Mulheres,6154,0.023980797,0.0273836
RA da Madeira,80,Mulheres,4693,0.018287598,0.02005249
RA da Madeira,85,Mulheres,4815,0.018763006,0.023351729
RA dos Açores,0,Homens,5475,-0.022715486,-0.020782584
RA dos Açores,5,Homens,5748,-0.023848149,-0.021581477
RA dos Açores,10,Homens,6450,-0.026760709,-0.023265825
RA dos Açores,15,Homens,6932,-0.028760502,-0.025301967
RA dos Açores,20,Homens,7442,-0.030876465,-0.027309068
RA dos Açores,25,Homens,7300,-0.030287315,-0.027437549
RA dos Açores,30,Homens,7493,-0.031088061,-0.028201948
RA dos Açores,35,Homens,8348,-0.034635411,-0.029039752
RA dos Açores,40,Homens,9405,-0.039020848,-0.03308713
RA dos Açores,45,Homens,9799,-0.040655534,-0.037074733
RA dos Açores,50,Homens,8749,-0.036299139,-0.035089813
RA dos Açores,55,Homens,8395,-0.034830412,-0.03332708
RA dos Açores,60,Homens,7963,-0.033038067,-0.032334103
RA dos Açores,65,Homens,6413,-0.026607198,-0.029793436
RA dos Açores,70,Homens,5153,-0.021379525,-0.026515814
RA dos Açores,75,Homens,3299,-0.013687377,-0.021200264
RA dos Açores,80,Homens,1911,-0.007928638,-0.014144819
RA dos Açores,85,Homens,1361,-0.005646717,-0.012303888
RA dos Açores,0,Mulheres,5131,0.021288248,0.019610561
RA dos Açores,5,Mulheres,5396,0.022387719,0.020541788
RA dos Açores,10,Mulheres,6226,0.025831345,0.02239475
RA dos Açores,15,Mulheres,6655,0.027611244,0.024333333
RA dos Açores,20,Mulheres,7125,0.029561249,0.026324926
RA dos Açores,25,Mulheres,7204,0.029889016,0.026175298
RA dos Açores,30,Mulheres,7588,0.031482211,0.027798648
RA dos Açores,35,Mulheres,8419,0.034929987,0.029770785
RA dos Açores,40,Mulheres,9561,0.039668084,0.035139533
RA dos Açores,45,Mulheres,10109,0.041941707,0.040038249
RA dos Açores,50,Mulheres,8891,0.03688829,0.038463021
RA dos Açores,55,Mulheres,8684,0.036029458,0.037622585
RA dos Açores,60,Mulheres,8439,0.035012965,0.0369158
RA dos Açores,65,Mulheres,7055,0.029270823,0.034615835
RA dos Açores,70,Mulheres,5850,0.024271341,0.031675816
RA dos Açores,75,Mulheres,4594,0.019060263,0.0273836
RA dos Açores,80,Mulheres,3034,0.012587906,0.02005249
RA dos Açores,85,Mulheres,3428,0.014222591,0.023351729
Região de Aveiro,0,Homens,7788,-0.020244925,-0.020782584
Região de Aveiro,5,Homens,8380,-0.021783831,-0.021581477
Região de Aveiro,10,Homens,8687,-0.022581878,-0.023265825
Região de Aveiro,15,Homens,9289,-0.024146778,-0.025301967
Região de Aveiro,20,Homens,10233,-0.026600709,-0.027309068
Região de Aveiro,25,Homens,10853,-0.0282124,-0.027437549
Região de Aveiro,30,Homens,10961,-0.028493146,-0.028201948
Região de Aveiro,35,Homens,11489,-0.029865684,-0.029039752
Região de Aveiro,40,Homens,13043,-0.033905311,-0.03308713
Região de Aveiro,45,Homens,14161,-0.036811554,-0.037074733
Região de Aveiro,50,Homens,13834,-0.035961517,-0.035089813
Região de Aveiro,55,Homens,13048,-0.033918308,-0.03332708
Região de Aveiro,60,Homens,12754,-0.033154054,-0.032334103
Região de Aveiro,65,Homens,11627,-0.030224415,-0.029793436
Região de Aveiro,70,Homens,10396,-0.027024428,-0.026515814
Região de Aveiro,75,Homens,8239,-0.021417301,-0.021200264
Região de Aveiro,80,Homens,5577,-0.014497425,-0.014144819
Região de Aveiro,85,Homens,4857,-0.012625783,-0.012303888
Região de Aveiro,0,Mulheres,7349,0.019103744,0.019610561
Região de Aveiro,5,Mulheres,7681,0.019966778,0.020541788
Região de Aveiro,10,Mulheres,8372,0.021763035,0.02239475
Região de Aveiro,15,Mulheres,8991,0.023372127,0.024333333
Região de Aveiro,20,Mulheres,10262,0.026676094,0.026324926
Região de Aveiro,25,Mulheres,10334,0.026863258,0.026175298
Região de Aveiro,30,Mulheres,10600,0.027554726,0.027798648
Região de Aveiro,35,Mulheres,11443,0.029746107,0.029770785
Região de Aveiro,40,Mulheres,13680,0.035561194,0.035139533
Região de Aveiro,45,Mulheres,15187,0.039478644,0.040038249
Região de Aveiro,50,Mulheres,14868,0.038649403,0.038463021
Região de Aveiro,55,Mulheres,14602,0.037957935,0.037622585
Região de Aveiro,60,Mulheres,14217,0.036957126,0.0369158
Região de Aveiro,65,Mulheres,13465,0.035002301,0.034615835
Região de Aveiro,70,Mulheres,12086,0.031417587,0.031675816
Região de Aveiro,75,Mulheres,10226,0.026582512,0.0273836
Região de Aveiro,80,Mulheres,7507,0.019514465,0.02005249
Região de Aveiro,85,Mulheres,8603,0.02236352,0.023351729
Região de Coimbra,0,Homens,7920,-0.017718834,-0.020782584
Região de Coimbra,5,Homens,8779,-0.019640612,-0.021581477
Região de Coimbra,10,Homens,9344,-0.020904645,-0.023265825
Região de Coimbra,15,Homens,10247,-0.022924861,-0.025301967
Região de Coimbra,20,Homens,11132,-0.024904806,-0.027309068
Região de Coimbra,25,Homens,11354,-0.02540147,-0.027437549
Região de Coimbra,30,Homens,11418,-0.025544653,-0.028201948
Região de Coimbra,35,Homens,11592,-0.02593393,-0.029039752
Região de Coimbra,40,Homens,14220,-0.031813362,-0.03308713
Região de Coimbra,45,Homens,15959,-0.035703899,-0.037074733
Região de Coimbra,50,Homens,15421,-0.034500271,-0.035089813
Região de Coimbra,55,Homens,15128,-0.033844763,-0.03332708
Região de Coimbra,60,Homens,15381,-0.034410782,-0.032334103
Região de Coimbra,65,Homens,14674,-0.032829062,-0.029793436
Região de Coimbra,70,Homens,13534,-0.030278624,-0.026515814
Região de Coimbra,75,Homens,11160,-0.024967448,-0.021200264
Região de Coimbra,80,Homens,7860,-0.017584601,-0.014144819
Região de Coimbra,85,Homens,7082,-0.015844038,-0.012303888
Região de Coimbra,0,Mulheres,7513,0.016808283,0.019610561
Região de Coimbra,5,Mulheres,8201,0.018347495,0.020541788
Região de Coimbra,10,Mulheres,8888,0.01988447,0.02239475
Região de Coimbra,15,Mulheres,9684,0.021665302,0.024333333
Região de Coimbra,20,Mulheres,10813,0.024191131,0.026324926
Região de Coimbra,25,Mulheres,10950,0.024497631,0.026175298
Região de Coimbra,30,Mulheres,10769,0.024092693,0.027798648
Região de Coimbra,35,Mulheres,11964,0.026766179,0.029770785
Região de Coimbra,40,Mulheres,15066,0.033706055,0.035139533
Região de Coimbra,45,Mulheres,17361,0.03884049,0.040038249
Região de Coimbra,50,Mulheres,16863,0.037726351,0.038463021
Região de Coimbra,55,Mulheres,17095,0.038245388,0.037622585
Região de Coimbra,60,Mulheres,17500,0.039151465,0.0369158
Região de Coimbra,65,Mulheres,16727,0.037422089,0.034615835
Região de Coimbra,70,Mulheres,16155,0.036142395,0.031675816
Região de Coimbra,75,Mulheres,14308,0.032010238,0.0273836
Região de Coimbra,80,Mulheres,11264,0.02520012,0.02005249
Região de Coimbra,85,Mulheres,13656,0.030551566,0.023351729
Região de Leiria,0,Homens,5922,-0.019924501,-0.020782584
Região de Leiria,5,Homens,6188,-0.020819455,-0.021581477
Região de Leiria,10,Homens,6777,-0.022801139,-0.023265825
Região de Leiria,15,Homens,7367,-0.024786187,-0.025301967
Região de Leiria,20,Homens,8111,-0.027289366,-0.027309068
Região de Leiria,25,Homens,8100,-0.027252357,-0.027437549
Região de Leiria,30,Homens,8275,-0.027841142,-0.028201948
Região de Leiria,35,Homens,8183,-0.027531609,-0.029039752
Região de Leiria,40,Homens,9652,-0.032474043,-0.03308713
Região de Leiria,45,Homens,10706,-0.036020214,-0.037074733
Região de Leiria,50,Homens,10276,-0.034573484,-0.035089813
Região de Leiria,55,Homens,10163,-0.034193297,-0.03332708
Região de Leiria,60,Homens,9894,-0.033288249,-0.032334103
Região de Leiria,65,Homens,9466,-0.031848248,-0.029793436
Região de Leiria,70,Homens,8301,-0.027928619,-0.026515814
Região de Leiria,75,Homens,6840,-0.023013101,-0.021200264
Região de Leiria,80,Homens,4899,-0.016482629,-0.014144819
Região de Leiria,85,Homens,4317,-0.014524497,-0.012303888
Região de Leiria,0,Mulheres,5554,0.018686369,0.019610561
Região de Leiria,5,Mulheres,5988,0.020146557,0.020541788
Região de Leiria,10,Mulheres,6292,0.021169362,0.02239475
Região de Leiria,15,Mulheres,7159,0.024086373,0.024333333
Região de Leiria,20,Mulheres,7712,0.025946935,0.026324926
Região de Leiria,25,Mulheres,7578,0.025496094,0.026175298
Região de Leiria,30,Mulheres,7779,0.026172356,0.027798648
Região de Leiria,35,Mulheres,8295,0.027908432,0.029770785
Região de Leiria,40,Mulheres,10318,0.034714792,0.035139533
Região de Leiria,45,Mulheres,11458,0.038550309,0.040038249
Região de Leiria,50,Mulheres,11152,0.037520776,0.038463021
Região de Leiria,55,Mulheres,10968,0.03690171,0.037622585
Região de Leiria,60,Mulheres,11015,0.037059841,0.0369158
Região de Leiria,65,Mulheres,10271,0.034556661,0.034615835
Região de Leiria,70,Mulheres,9521,0.032033295,0.031675816
Região de Leiria,75,Mulheres,8614,0.028981704,0.0273836
Região de Leiria,80,Mulheres,6608,0.02223254,0.02005249
Região de Leiria,85,Mulheres,7503,0.025243757,0.023351729
Tâmega e Sousa,0,Homens,7836,-0.019142637,-0.020782584
Tâmega e Sousa,5,Homens,8458,-0.020662126,-0.021581477
Tâmega e Sousa,10,Homens,9416,-0.023002433,-0.023265825
Tâmega e Sousa,15,Homens,11165,-0.027275081,-0.025301967
Tâmega e Sousa,20,Homens,12949,-0.031633231,-0.027309068
Tâmega e Sousa,25,Homens,12624,-0.030839286,-0.027437549
Tâmega e Sousa,30,Homens,11845,-0.02893626,-0.028201948
Tâmega e Sousa,35,Homens,11699,-0.028579595,-0.029039752
Tâmega e Sousa,40,Homens,13232,-0.032324575,-0.03308713
Tâmega e Sousa,45,Homens,15356,-0.037513314,-0.037074733
Tâmega e Sousa,50,Homens,15727,-0.038419633,-0.035089813
Tâmega e Sousa,55,Homens,15836,-0.03868591,-0.03332708
Tâmega e Sousa,60,Homens,15009,-0.036665624,-0.032334103
Tâmega e Sousa,65,Homens,12270,-0.029974496,-0.029793436
Tâmega e Sousa,70,Homens,9826,-0.024004026,-0.026515814
Tâmega e Sousa,75,Homens,7076,-0.017286026,-0.021200264
Tâmega e Sousa,80,Homens,4299,-0.010502067,-0.014144819
Tâmega e Sousa,85,Homens,3885,-0.009490702,-0.012303888
Tâmega e Sousa,0,Mulheres,7203,0.017596275,0.019610561
Tâmega e Sousa,5,Mulheres,7936,0.019386928,0.020541788
Tâmega e Sousa,10,Mulheres,9112,0.022259789,0.02239475
Tâmega e Sousa,15,Mulheres,10655,0.026029198,0.024333333
Tâmega e Sousa,20,Mulheres,12216,0.029842579,0.026324926
Tâmega e Sousa,25,Mulheres,11974,0.029251395,0.026175298
Tâmega e Sousa,30,Mulheres,11403,0.027856494,0.027798648
Tâmega e Sousa,35,Mulheres,12096,0.02954943,0.029770785
Tâmega e Sousa,40,Mulheres,14097,0.034437691,0.035139533
Tâmega e Sousa,45,Mulheres,16376,0.040005081,0.040038249
Tâmega e Sousa,50,Mulheres,17186,0.041983838,0.038463021
Tâmega e Sousa,55,Mulheres,17264,0.042174385,0.037622585
Tâmega e Sousa,60,Mulheres,16235,0.039660631,0.0369158
Tâmega e Sousa,65,Mulheres,13945,0.034066369,0.034615835
Tâmega e Sousa,70,Mulheres,11143,0.027221337,0.031675816
Tâmega e Sousa,75,Mulheres,8750,0.021375456,0.0273836
Tâmega e Sousa,80,Mulheres,6249,0.01526574,0.02005249
Tâmega e Sousa,85,Mulheres,7000,0.017100364,0.023351729
Trás-os-Montes,0,Homens,1654,-0.015389912,-0.020782584
Trás-os-Montes,5,Homens,1710,-0.015910973,-0.021581477
Trás-os-Montes,10,Homens,1858,-0.017288063,-0.023265825
Trás-os-Montes,15,Homens,2105,-0.019586315,-0.025301967
Trás-os-Montes,20,Homens,2534,-0.023578015,-0.027309068
Trás-os-Montes,25,Homens,2630,-0.024471263,-0.027437549
Trás-os-Montes,30,Homens,2420,-0.022517283,-0.028201948
Trás-os-Montes,35,Homens,2471,-0.022991821,-0.029039752
Trás-os-Montes,40,Homens,3083,-0.028686275,-0.03308713
Trás-os-Montes,45,Homens,3444,-0.032045258,-0.037074733
Trás-os-Montes,50,Homens,3490,-0.032473272,-0.035089813
Trás-os-Montes,55,Homens,3659,-0.03404576,-0.03332708
Trás-os-Montes,60,Homens,4051,-0.037693188,-0.032334103
Trás-os-Montes,65,Homens,4334,-0.040326408,-0.029793436
Trás-os-Montes,70,Homens,3992,-0.037144213,-0.026515814
Trás-os-Montes,75,Homens,3268,-0.030407637,-0.021200264
Trás-os-Montes,80,Homens,2562,-0.023838545,-0.014144819
Trás-os-Montes,85,Homens,2477,-0.023047649,-0.012303888
Trás-os-Montes,0,Mulheres,1490,0.013863947,0.019610561
Trás-os-Montes,5,Mulheres,1651,0.015361998,0.020541788
Trás-os-Montes,10,Mulheres,1823,0.0169624,0.02239475
Trás-os-Montes,15,Mulheres,1986,0.01847906,0.024333333
Trás-os-Montes,20,Mulheres,2528,0.023522187,0.026324926
Trás-os-Montes,25,Mulheres,2534,0.023578015,0.026175298
Trás-os-Montes,30,Mulheres,2355,0.02191248,0.027798648
Trás-os-Montes,35,Mulheres,2560,0.023819936,0.029770785
Trás-os-Montes,40,Mulheres,3151,0.029318992,0.035139533
Trás-os-Montes,45,Mulheres,3551,0.033040857,0.040038249
Trás-os-Montes,50,Mulheres,3561,0.033133903,0.038463021
Trás-os-Montes,55,Mulheres,3804,0.035394936,0.037622585
Trás-os-Montes,60,Mulheres,4387,0.040819555,0.0369158
Trás-os-Montes,65,Mulheres,4696,0.043694695,0.034615835
Trás-os-Montes,70,Mulheres,4451,0.041415053,0.031675816
Trás-os-Montes,75,Mulheres,3891,0.036204442,0.0273836
Trás-os-Montes,80,Mulheres,3204,0.029812139,0.02005249
Trás-os-Montes,85,Mulheres,4108,0.038223554,0.023351729
Viseu Dão Lafões,0,Homens,4467,-0.017394182,-0.020782584
Viseu Dão Lafões,5,Homens,4922,-0.01916592,-0.021581477
Viseu Dão Lafões,10,Homens,5523,-0.021506172,-0.023265825
Viseu Dão Lafões,15,Homens,6099,-0.023749075,-0.025301967
Viseu Dão Lafões,20,Homens,6946,-0.027047233,-0.027309068
Viseu Dão Lafões,25,Homens,6523,-0.025400101,-0.027437549
Viseu Dão Lafões,30,Homens,6086,-0.023698454,-0.028201948
Viseu Dão Lafões,35,Homens,6619,-0.025773918,-0.029039752
Viseu Dão Lafões,40,Homens,8145,-0.031716055,-0.03308713
Viseu Dão Lafões,45,Homens,9099,-0.035430863,-0.037074733
Viseu Dão Lafões,50,Homens,8436,-0.032849188,-0.035089813
Viseu Dão Lafões,55,Homens,8311,-0.032362447,-0.03332708
Viseu Dão Lafões,60,Homens,8462,-0.03295043,-0.032334103
Viseu Dão Lafões,65,Homens,8796,-0.034251003,-0.029793436
Viseu Dão Lafões,70,Homens,8026,-0.031252677,-0.026515814
Viseu Dão Lafões,75,Homens,6771,-0.026365796,-0.021200264
Viseu Dão Lafões,80,Homens,4736,-0.018441649,-0.014144819
Viseu Dão Lafões,85,Homens,4186,-0.016299988,-0.012303888
Viseu Dão Lafões,0,Mulheres,4116,0.016027413,0.019610561
Viseu Dão Lafões,5,Mulheres,4704,0.018317044,0.020541788
Viseu Dão Lafões,10,Mulheres,5261,0.020485962,0.02239475
Viseu Dão Lafões,15,Mulheres,6049,0.023554379,0.024333333
Viseu Dão Lafões,20,Mulheres,6551,0.025509131,0.026324926
Viseu Dão Lafões,25,Mulheres,6236,0.024282544,0.026175298
Viseu Dão Lafões,30,Mulheres,6057,0.02358553,0.027798648
Viseu Dão Lafões,35,Mulheres,6861,0.026716249,0.029770785
Viseu Dão Lafões,40,Mulheres,8584,0.03342549,0.035139533
Viseu Dão Lafões,45,Mulheres,9761,0.038008645,0.040038249
Viseu Dão Lafões,50,Mulheres,9195,0.035804681,0.038463021
Viseu Dão Lafões,55,Mulheres,9391,0.036567891,0.037622585
Viseu Dão Lafões,60,Mulheres,9935,0.038686188,0.0369158
Viseu Dão Lafões,65,Mulheres,9829,0.038273432,0.034615835
Viseu Dão Lafões,70,Mulheres,9268,0.036088937,0.031675816
Viseu Dão Lafões,75,Mulheres,8492,0.033067248,0.0273836
Viseu Dão Lafões,80,Mulheres,6584,0.025637631,0.02005249
Viseu Dão Lafões,85,Mulheres,7783,0.030306452,0.023351729
