Week,Year,North,South
1,1978,,
1,1979,14.94933333,6.807
1,1980,14.30533333,5.741666667
1,1981,14.356,6.057
1,1982,14.479,7.039
1,1983,14.253,6.508
1,1984,14.20066667,6.631
1,1985,14.1425,6.294
1,1986,14.164,7.645
1,1987,14.305,6.765
1,1988,,
1,1989,14.36471429,6.265571429
1,1990,14.33616667,6.417
1,1991,13.8084,6.8042
1,1992,14.0935,6.36125
1,1993,14.088,6.1815
1,1994,14.095,6.724
1,1995,14.28842857,6.973571429
1,1996,13.81916667,7.450333333
1,1997,13.78975,5.844
1,1998,14.128,6.043666667
1,1999,13.8545,6.445
1,2000,13.442,6.923
1,2001,13.51333333,6.278333333
1,2002,13.6244,6.4572
1,2003,13.7865,7.34825
1,2004,13.514,7.212333333
1,2005,13.16,6.822
1,2006,13.26057143,5.631571429
1,2007,13.2525,6.2735
1,2008,13.2276,8.6916
1,2009,13.212,7.788
1,2010,13.2185,7.3085
1,2011,12.896,6.843
1,2012,13.40928571,7.173285714
1,2013,13.0084,6.8508
1,2014,13.11225,8.32825
1,2015,13.10333333,9.273333333
1,2016,12.7635,6.816
1,2017,12.80428571,5.163285714
1,2018,12.67466667,6.018666667
1,2019,13.0196,5.0088
1,2020,13.12025,6.06425
1,2021,12.7105,6.5395
1,2022,13.291,5.651
1,2023,12.81071429,4.220714286
1,2024,13.44633333,5.654666667
1,2025,12.49775,6.7315
2,1978,,
2,1979,15.16166667,6.12
2,1980,14.59233333,5.067666667
2,1981,14.581,5.105666667
2,1982,14.83833333,6.388666667
2,1983,14.42233333,5.899666667
2,1984,14.362,5.50125
2,1985,14.46925,5.1485
2,1986,14.61125,6.584
2,1987,14.578,6.0695
2,1988,,
2,1989,14.80385714,5.089
2,1990,14.62628571,5.493857143
2,1991,14.07828571,5.997285714
2,1992,14.36228571,5.528428571
2,1993,14.32371429,5.485714286
2,1994,14.22128571,6.190285714
2,1995,14.40985714,6.039285714
2,1996,13.97642857,6.660857143
2,1997,14.20242857,4.874571429
2,1998,14.32957143,5.274
2,1999,14.053,5.867857143
2,2000,13.709,6.015
2,2001,14.01357143,5.624571429
2,2002,13.86657143,5.388285714
2,2003,14.10885714,6.685142857
2,2004,13.68814286,6.429428571
2,2005,13.33314286,6.234714286
2,2006,13.42128571,4.469571429
2,2007,13.35785714,5.297142857
2,2008,13.52985714,7.511857143
2,2009,13.50357143,6.981142857
2,2010,13.41485714,6.126
2,2011,13.08485714,6.226285714
2,2012,13.74657143,6.146428571
2,2013,13.32085714,6.210857143
2,2014,13.25757143,7.367714286
2,2015,13.18014286,8.534857143
2,2016,12.98542857,6.062857143
2,2017,12.89171429,4.313857143
2,2018,12.86085714,4.824
2,2019,13.34114286,4.341571429
2,2020,13.23414286,5.401857143
2,2021,12.93614286,5.891857143
2,2022,13.50314286,4.976571429
2,2023,13.26942857,3.521857143
2,2024,13.861,4.649285714
2,2025,12.82114286,5.779714286
3,1978,,
3,1979,15.5195,5.29
3,1980,14.91975,4.49725
3,1981,14.77125,4.3625
3,1982,15.13775,5.5285
3,1983,14.70025,4.953
3,1984,14.406,4.251
3,1985,14.71933333,4.218
3,1986,14.95766667,5.243
3,1987,14.76666667,5.19
3,1988,14.91,4.37425
3,1989,15.09357143,4.355285714
3,1990,14.82028571,4.575142857
3,1991,14.42485714,5.190714286
3,1992,14.57657143,4.689571429
3,1993,14.69928571,4.653714286
3,1994,14.55214286,5.256
3,1995,14.68571429,5.343714286
3,1996,14.18928571,5.761142857
3,1997,14.39171429,4.115714286
3,1998,14.617,4.411285714
3,1999,14.35685714,4.979714286
3,2000,13.96771429,4.956428571
3,2001,14.25914286,5.101428571
3,2002,14.30014286,4.515285714
3,2003,14.446,5.818142857
3,2004,14.06671429,5.713142857
3,2005,13.55428571,5.080428571
3,2006,13.39457143,3.797
3,2007,13.70414286,4.408
3,2008,13.85457143,6.212285714
3,2009,13.96628571,6.040714286
3,2010,13.732,4.954571429
3,2011,13.28371429,4.944857143
3,2012,13.67314286,5.258142857
3,2013,13.79328571,5.45
3,2014,13.591,6.361
3,2015,13.58285714,7.347
3,2016,13.488,4.907714286
3,2017,13.16371429,3.395857143
3,2018,13.14557143,3.871857143
3,2019,13.553,3.744714286
3,2020,13.56928571,4.518714286
3,2021,13.38757143,5.069
3,2022,13.74814286,4.203714286
3,2023,13.50357143,3.030571429
3,2024,13.97128571,3.618857143
3,2025,13.10914286,4.605428571
4,1978,,
4,1979,15.70333333,4.396666667
4,1980,15.18166667,3.967333333
4,1981,15.097,3.851333333
4,1982,15.23933333,4.791666667
4,1983,15.12666667,4.329333333
4,1984,14.7345,3.46425
4,1985,15.01825,3.5885
4,1986,15.23675,4.45675
4,1987,15.168,4.559
4,1988,15.06214286,3.931285714
4,1989,15.38857143,3.776285714
4,1990,15.04142857,3.911714286
4,1991,14.68728571,4.620571429
4,1992,14.86228571,4.090428571
4,1993,15.20228571,3.886857143
4,1994,14.87128571,4.571
4,1995,14.80114286,4.734857143
4,1996,14.43557143,4.805571429
4,1997,14.68685714,3.565428571
4,1998,14.903,3.928714286
4,1999,14.42,4.277571429
4,2000,14.33771429,4.335
4,2001,14.614,4.603714286
4,2002,14.65257143,3.94
4,2003,14.624,5.062571429
4,2004,14.24757143,5.051285714
4,2005,13.74271429,4.141285714
4,2006,13.61185714,3.265
4,2007,14.12914286,3.693142857
4,2008,14.27957143,5.242428571
4,2009,14.20785714,4.909142857
4,2010,13.882,4.370428571
4,2011,13.57171429,3.775142857
4,2012,13.95571429,4.611714286
4,2013,14.07828571,4.846
4,2014,13.94642857,5.445285714
4,2015,13.84828571,5.776
4,2016,13.66514286,3.942
4,2017,13.678,2.804428571
4,2018,13.31914286,3.177
4,2019,13.85485714,3.304428571
4,2020,13.93828571,3.946857143
4,2021,13.79971429,4.233142857
4,2022,14.01685714,3.576142857
4,2023,13.665,2.560857143
4,2024,14.20057143,2.975857143
4,2025,13.467,3.871714286
5,1978,,
5,1979,15.84625,3.7805
5,1980,15.3185,3.507
5,1981,15.431,3.53875
5,1982,15.597,4.05175
5,1983,15.4245,3.922
5,1984,15.00866667,3.064333333
5,1985,15.244,3.266666667
5,1986,15.21366667,3.858
5,1987,15.65266667,4.013666667
5,1988,15.17157143,3.468142857
5,1989,15.38414286,3.406428571
5,1990,15.27885714,3.549
5,1991,14.79928571,4.097428571
5,1992,15.19428571,3.573142857
5,1993,15.509,3.312
5,1994,15.174,3.975285714
5,1995,15.03642857,4.171714286
5,1996,14.68428571,3.930714286
5,1997,14.83271429,3.123142857
5,1998,15.28642857,3.569
5,1999,14.66728571,3.838285714
5,2000,14.76714286,3.74
5,2001,14.80171429,4.207
5,2002,15.001,3.499142857
5,2003,14.80914286,4.398
5,2004,14.32285714,4.473142857
5,2005,13.96842857,3.641714286
5,2006,14.02128571,2.886571429
5,2007,14.266,3.276428571
5,2008,14.56314286,4.431428571
5,2009,14.27785714,4.006714286
5,2010,14.01857143,3.897285714
5,2011,13.83414286,3.189285714
5,2012,14.07914286,4.218714286
5,2013,14.30085714,4.341142857
5,2014,14.18557143,4.731428571
5,2015,14.01185714,4.711857143
5,2016,13.82471429,3.448857143
5,2017,13.80171429,2.479428571
5,2018,13.65257143,2.733285714
5,2019,14.04971429,3.001285714
5,2020,14.19385714,3.513
5,2021,14.009,3.614285714
5,2022,14.14242857,3.053571429
5,2023,13.79385714,2.194428571
5,2024,14.19142857,2.453428571
5,2025,13.51657143,3.231285714
6,1978,,
6,1979,15.874,3.301666667
6,1980,15.76233333,3.117
6,1981,15.646,3.207333333
6,1982,15.84233333,3.527666667
6,1983,15.712,3.543
6,1984,15.089,2.82925
6,1985,15.43325,2.9605
6,1986,15.507,3.47025
6,1987,15.88125,3.57325
6,1988,15.48185714,3.158571429
6,1989,15.51271429,3.135285714
6,1990,15.38557143,3.197
6,1991,14.886,3.560714286
6,1992,15.41357143,3.216428571
6,1993,15.49942857,2.827428571
6,1994,15.42457143,3.487285714
6,1995,15.22285714,3.685714286
6,1996,15.04314286,3.281285714
6,1997,15.288,2.782285714
6,1998,15.62571429,3.261
6,1999,14.99257143,3.470714286
6,2000,15.00428571,3.336857143
6,2001,14.95942857,3.761285714
6,2002,15.19,3.200714286
6,2003,14.91071429,3.984714286
6,2004,14.50657143,3.973
6,2005,14.091,3.238142857
6,2006,14.302,2.726571429
6,2007,14.333,3.001714286
6,2008,14.80785714,3.994571429
6,2009,14.59428571,3.380857143
6,2010,14.25957143,3.481714286
6,2011,14.11614286,2.889428571
6,2012,14.30371429,3.817142857
6,2013,14.47914286,3.957
6,2014,14.30614286,4.261142857
6,2015,14.252,4.207714286
6,2016,14.00371429,3.052285714
6,2017,13.89785714,2.376571429
6,2018,13.851,2.389142857
6,2019,14.10814286,2.849714286
6,2020,14.47814286,3.183571429
6,2021,14.27342857,3.192428571
6,2022,14.47471429,2.711571429
6,2023,14.03642857,1.980714286
6,2024,14.37828571,2.221285714
6,2025,13.445,2.745
7,1978,,
7,1979,16.2635,2.97975
7,1980,15.99425,2.80125
7,1981,15.48425,2.84925
7,1982,15.807,3.14975
7,1983,15.82675,3.145
7,1984,15.31333333,2.606
7,1985,15.483,2.725333333
7,1986,15.79033333,3.208666667
7,1987,15.92866667,3.261333333
7,1988,15.30742857,2.957714286
7,1989,15.40757143,2.784714286
7,1990,15.51657143,2.986714286
7,1991,15.24885714,3.188285714
7,1992,15.39571429,2.884285714
7,1993,15.762,2.482714286
7,1994,15.51071429,3.196142857
7,1995,15.21371429,3.398857143
7,1996,15.146,2.932142857
7,1997,15.47,2.449714286
7,1998,15.61542857,3.038
7,1999,15.28357143,3.018285714
7,2000,15.14557143,2.939571429
7,2001,15.24571429,3.524857143
7,2002,15.31585714,2.892857143
7,2003,15.08957143,3.749
7,2004,14.88,3.603857143
7,2005,14.21014286,2.998285714
7,2006,14.43571429,2.610428571
7,2007,14.53471429,2.809
7,2008,14.876,3.784
7,2009,14.83071429,3.005285714
7,2010,14.40471429,3.094428571
7,2011,14.258,2.601571429
7,2012,14.65057143,3.493714286
7,2013,14.71457143,3.777142857
7,2014,14.301,3.756285714
7,2015,14.44428571,3.727857143
7,2016,14.17842857,2.789285714
7,2017,14.17485714,2.267285714
7,2018,13.86857143,2.267285714
7,2019,14.38857143,2.647
7,2020,14.60357143,2.933428571
7,2021,14.47728571,2.923285714
7,2022,14.43071429,2.315857143
7,2023,14.227,1.852
7,2024,14.61314286,2.033571429
7,2025,,
8,1978,,
8,1979,16.31733333,2.939666667
8,1980,16.11033333,2.609666667
8,1981,15.63266667,2.702
8,1982,16.00066667,2.949666667
8,1983,16.02766667,2.958666667
8,1984,15.48175,2.52575
8,1985,15.4465,2.67325
8,1986,15.916,3.048
8,1987,16.14375,3.061
8,1988,15.47385714,2.799428571
8,1989,15.54257143,2.805571429
8,1990,15.70071429,2.850142857
8,1991,15.48714286,2.909142857
8,1992,15.54042857,2.603571429
8,1993,15.73185714,2.323714286
8,1994,15.55442857,3.104714286
8,1995,15.27471429,3.376857143
8,1996,15.38857143,2.687428571
8,1997,15.56942857,2.326714286
8,1998,15.78742857,2.858428571
8,1999,15.41842857,2.765285714
8,2000,15.02757143,2.674714286
8,2001,15.36857143,3.473571429
8,2002,15.52014286,2.736142857
8,2003,15.37914286,3.668285714
8,2004,15.06357143,3.359714286
8,2005,14.431,2.854142857
8,2006,14.32028571,2.532142857
8,2007,14.66728571,2.761142857
8,2008,15.01371429,3.785428571
8,2009,14.90557143,2.762714286
8,2010,14.74742857,2.867714286
8,2011,14.46057143,2.415
8,2012,14.74457143,3.191
8,2013,14.82842857,3.708571429
8,2014,14.50485714,3.591571429
8,2015,14.42485714,3.605571429
8,2016,14.197,2.648428571
8,2017,14.35371429,2.194142857
8,2018,14.09857143,2.219428571
8,2019,14.62928571,2.526142857
8,2020,14.72171429,2.750428571
8,2021,14.41957143,2.719142857
8,2022,14.642,2.087857143
8,2023,14.31528571,1.804285714
8,2024,14.79642857,2.007857143
8,2025,,
9,1978,,
9,1979,16.5555,3.10975
9,1980,16.13325,2.57325
9,1981,15.671,2.776
9,1982,16.218,2.942
9,1983,16.25925,2.89525
9,1984,15.51966667,2.533666667
9,1985,15.697,2.959666667
9,1986,15.975,3.001666667
9,1987,16.272,3.077
9,1988,15.89957143,2.716142857
9,1989,15.65142857,3.056857143
9,1990,15.99871429,2.894142857
9,1991,15.562,2.599571429
9,1992,15.50485714,2.564714286
9,1993,15.71371429,2.373428571
9,1994,15.68314286,3.108
9,1995,15.318,3.576714286
9,1996,15.22871429,2.743
9,1997,15.50014286,2.308571429
9,1998,15.95471429,2.800857143
9,1999,15.47685714,2.738571429
9,2000,15.23685714,2.832285714
9,2001,15.60857143,3.737428571
9,2002,15.40457143,2.916571429
9,2003,15.48014286,3.674714286
9,2004,15.167,3.402714286
9,2005,14.55371429,2.888571429
9,2006,14.426,2.597714286
9,2007,14.68585714,3.022285714
9,2008,15.25914286,3.954
9,2009,14.91557143,2.813428571
9,2010,14.80271429,3.050285714
9,2011,14.494,2.344857143
9,2012,15.03728571,3.282142857
9,2013,15.089,3.839142857
9,2014,14.61371429,3.648714286
9,2015,14.48142857,3.654571429
9,2016,14.29285714,2.735
9,2017,14.33557143,2.121142857
9,2018,14.24828571,2.338857143
9,2019,14.59671429,2.473714286
9,2020,14.81142857,2.747857143
9,2021,14.32342857,2.776142857
9,2022,14.81685714,1.977428571
9,2023,14.53228571,1.873571429
9,2024,14.82871429,2.303
9,2025,,
10,1978,,
10,1979,16.55033333,3.300666667
10,1980,16.27966667,2.818333333
10,1981,15.66666667,2.746
10,1982,16.28066667,3.155666667
10,1983,16.07,3.129333333
10,1984,15.5485,3.064
10,1985,15.665,3.2265
10,1986,16.0395,2.99875
10,1987,15.91225,3.348
10,1988,16.13257143,2.873428571
10,1989,15.55771429,3.413857143
10,1990,16.03942857,3.18
10,1991,15.41771429,2.745857143
10,1992,15.43685714,2.796142857
10,1993,15.809,2.389428571
10,1994,15.705,3.444571429
10,1995,15.29742857,4.002142857
10,1996,15.29457143,3.261
10,1997,15.403,2.633571429
10,1998,15.73871429,2.970714286
10,1999,15.25614286,2.821
10,2000,15.41685714,3.034285714
10,2001,15.60542857,4.126714286
10,2002,15.46157143,3.232285714
10,2003,15.50614286,3.726
10,2004,15.08314286,3.716571429
10,2005,14.855,3.154285714
10,2006,14.63014286,2.730571429
10,2007,14.70728571,3.347714286
10,2008,15.22014286,4.374285714
10,2009,15.131,3.382428571
10,2010,15.06857143,3.218571429
10,2011,14.51242857,2.525142857
10,2012,15.214,3.716857143
10,2013,15.03171429,4.299142857
10,2014,14.71614286,3.989285714
10,2015,14.386,3.896714286
10,2016,14.414,2.868571429
10,2017,14.37028571,2.257428571
10,2018,14.22314286,2.681428571
10,2019,14.69471429,2.622285714
10,2020,14.98771429,2.914571429
10,2021,14.72414286,3.467571429
10,2022,14.74328571,2.076
10,2023,14.56057143,2.192
10,2024,14.78257143,2.720142857
10,2025,,
11,1978,,
11,1979,16.426,3.6475
11,1980,16.042,3.12375
11,1981,15.70875,3.044
11,1982,16.134,3.587
11,1983,16.14825,3.49975
11,1984,15.67333333,3.432666667
11,1985,15.874,3.466333333
11,1986,16.10533333,3.244
11,1987,15.77833333,3.744333333
11,1988,16.25442857,3.381571429
11,1989,15.343,3.814857143
11,1990,16.09814286,3.722857143
11,1991,15.47357143,3.306142857
11,1992,15.524,3.076
11,1993,15.94642857,2.910571429
11,1994,15.56528571,3.818571429
11,1995,15.172,4.536714286
11,1996,15.19685714,3.935857143
11,1997,15.42442857,3.113714286
11,1998,15.74142857,3.742571429
11,1999,15.32828571,3.279428571
11,2000,15.34142857,3.533714286
11,2001,15.63057143,4.655428571
11,2002,15.558,3.611142857
11,2003,15.34042857,4.087
11,2004,15.14528571,4.063714286
11,2005,14.93857143,3.522428571
11,2006,14.44528571,2.989285714
11,2007,14.62357143,3.725142857
11,2008,15.26842857,4.875857143
11,2009,14.89485714,3.875714286
11,2010,15.11685714,3.612428571
11,2011,14.62285714,2.954714286
11,2012,15.19028571,4.410571429
11,2013,15.14742857,4.866428571
11,2014,14.78585714,4.476857143
11,2015,14.319,4.425857143
11,2016,14.38285714,3.243428571
11,2017,14.34485714,2.593428571
11,2018,14.434,3.289857143
11,2019,14.779,2.905
11,2020,14.94985714,3.613571429
11,2021,14.75571429,4.055714286
11,2022,14.709,2.381285714
11,2023,14.37757143,2.604142857
11,2024,14.98842857,3.032571429
11,2025,,
12,1978,,
12,1979,16.37766667,4.279666667
12,1980,15.97966667,3.374666667
12,1981,15.64,3.431333333
12,1982,15.93266667,4.297
12,1983,16.23166667,3.956333333
12,1984,15.6705,3.8735
12,1985,16.08225,3.85125
12,1986,15.881,3.8675
12,1987,15.8295,4.16475
12,1988,15.95585714,4.107571429
12,1989,15.38085714,4.287142857
12,1990,15.71557143,4.332714286
12,1991,15.42471429,4.155571429
12,1992,15.45042857,3.607857143
12,1993,15.80942857,3.859
12,1994,15.53428571,4.502571429
12,1995,15.25,5.079857143
12,1996,15.03228571,4.508285714
12,1997,15.59542857,3.608857143
12,1998,15.578,4.287428571
12,1999,15.37171429,4.160142857
12,2000,15.20528571,3.964142857
12,2001,15.48357143,5.056857143
12,2002,15.31628571,3.904428571
12,2003,15.55628571,4.577428571
12,2004,14.942,4.608714286
12,2005,14.71457143,4.016285714
12,2006,14.32171429,3.496714286
12,2007,14.43942857,4.000714286
12,2008,15.15257143,5.559428571
12,2009,14.96985714,4.627428571
12,2010,15.13514286,3.823142857
12,2011,14.61028571,3.395571429
12,2012,15.23314286,5.010142857
12,2013,15.04142857,5.282571429
12,2014,14.93485714,5.009
12,2015,14.35371429,5.128428571
12,2016,14.45414286,3.941714286
12,2017,14.17357143,2.985714286
12,2018,14.28885714,3.983571429
12,2019,14.59157143,3.353857143
12,2020,14.85171429,4.223714286
12,2021,14.71085714,4.499571429
12,2022,14.51142857,2.741857143
12,2023,14.40171429,3.165142857
12,2024,14.87814286,3.228285714
12,2025,,
13,1978,,
13,1979,15.97275,5.08275
13,1980,15.93625,3.72475
13,1981,15.55925,3.9685
13,1982,15.90325,5.05475
13,1983,16.05225,4.532
13,1984,15.47866667,4.478666667
13,1985,16.001,4.354
13,1986,15.667,4.455666667
13,1987,15.74666667,4.761
13,1988,15.77257143,4.520285714
13,1989,15.24242857,4.800571429
13,1990,15.536,5.070285714
13,1991,15.32,5.126142857
13,1992,15.554,4.294285714
13,1993,15.74128571,4.572
13,1994,15.46114286,5.172571429
13,1995,15.28414286,5.601571429
13,1996,14.95714286,5.193142857
13,1997,15.47114286,4.297285714
13,1998,15.39957143,4.897714286
13,1999,15.52385714,4.758857143
13,2000,15.066,4.499428571
13,2001,15.28385714,5.475857143
13,2002,15.106,4.327428571
13,2003,15.55085714,5.194428571
13,2004,14.93228571,5.060714286
13,2005,14.43785714,4.567285714
13,2006,14.23814286,4.189285714
13,2007,14.331,4.574285714
13,2008,15.09514286,6.164285714
13,2009,15.00214286,5.265714286
13,2010,15.12271429,4.120571429
13,2011,14.461,3.788571429
13,2012,15.15442857,5.580428571
13,2013,14.91228571,5.776142857
13,2014,14.66757143,5.869428571
13,2015,14.43642857,5.829857143
13,2016,14.48485714,4.804
13,2017,14.209,3.431285714
13,2018,14.24628571,4.694285714
13,2019,14.30357143,3.841142857
13,2020,14.36485714,4.746285714
13,2021,14.60242857,5.112428571
13,2022,14.50642857,3.223285714
13,2023,14.28985714,3.957428571
13,2024,14.89842857,3.799
13,2025,,
14,1978,,
14,1979,15.66533333,5.875666667
14,1980,15.71933333,4.260333333
14,1981,15.38066667,4.461666667
14,1982,15.95266667,5.980666667
14,1983,15.887,4.980333333
14,1984,15.288,5.24525
14,1985,15.61525,5.016
14,1986,15.58375,5.2245
14,1987,15.66125,5.27575
14,1988,15.59614286,4.892571429
14,1989,14.93771429,5.261142857
14,1990,15.47728571,5.912
14,1991,15.41371429,5.812714286
14,1992,15.27628571,5.054571429
14,1993,15.62385714,5.116714286
14,1994,15.49271429,5.865285714
14,1995,14.97714286,6.271571429
14,1996,14.65,5.891428571
14,1997,15.19885714,4.950142857
14,1998,15.43457143,5.438428571
14,1999,15.53671429,5.362285714
14,2000,15.14371429,5.080285714
14,2001,15.11714286,5.885571429
14,2002,14.72114286,4.797571429
14,2003,15.16328571,5.739
14,2004,14.77214286,5.621285714
14,2005,14.42414286,5.271857143
14,2006,14.19242857,4.932857143
14,2007,14.21514286,5.128857143
14,2008,14.92628571,6.791857143
14,2009,14.79457143,6.070571429
14,2010,15.24471429,4.931285714
14,2011,14.50171429,4.200857143
14,2012,15.00428571,6.135
14,2013,14.73057143,6.393857143
14,2014,14.55185714,6.721285714
14,2015,14.25342857,6.540285714
14,2016,14.22042857,5.615571429
14,2017,14.10514286,4.203857143
14,2018,14.024,5.106285714
14,2019,13.90514286,4.483142857
14,2020,14.12385714,5.367571429
14,2021,14.32514286,5.674714286
14,2022,14.43157143,4.066571429
14,2023,14.13628571,4.632428571
14,2024,14.56285714,4.717571429
14,2025,,
15,1978,,
15,1979,15.6775,6.91825
15,1980,15.664,4.742
15,1981,15.20075,5.0895
15,1982,15.74,6.71375
15,1983,15.7205,5.664
15,1984,15.23833333,5.915666667
15,1985,15.476,5.860333333
15,1986,15.25866667,5.854666667
15,1987,15.551,5.97
15,1988,15.53742857,5.312857143
15,1989,14.55057143,5.827571429
15,1990,14.877,6.543857143
15,1991,15.09542857,6.568714286
15,1992,14.86485714,6.023571429
15,1993,15.34942857,5.760428571
15,1994,15.15642857,6.333571429
15,1995,14.58028571,6.91
15,1996,14.33085714,6.633857143
15,1997,14.90928571,5.728
15,1998,15.24957143,5.872714286
15,1999,15.40228571,6.065571429
15,2000,14.96985714,5.738714286
15,2001,15.09514286,6.539428571
15,2002,14.439,5.621428571
15,2003,14.82857143,6.515857143
15,2004,14.52242857,6.422285714
15,2005,14.36785714,6.037571429
15,2006,13.94614286,5.629857143
15,2007,13.96657143,5.922
15,2008,14.74285714,7.591285714
15,2009,14.67885714,6.840428571
15,2010,15.00728571,5.729714286
15,2011,14.33914286,4.871285714
15,2012,14.73414286,6.706142857
15,2013,14.58942857,7.132428571
15,2014,14.40528571,7.630857143
15,2015,14.04528571,7.382
15,2016,13.99071429,6.249
15,2017,13.84171429,5.015857143
15,2018,13.85471429,5.693571429
15,2019,13.526,5.205714286
15,2020,13.79342857,5.941571429
15,2021,14.02985714,6.241571429
15,2022,14.33,4.775571429
15,2023,14.12014286,5.193571429
15,2024,14.29657143,5.575571429
15,2025,,
16,1978,,
16,1979,15.43566667,7.779666667
16,1980,15.474,5.229333333
16,1981,15.05966667,5.782
16,1982,15.54866667,7.504
16,1983,15.34533333,6.28
16,1984,14.998,6.71225
16,1985,15.41225,6.59
16,1986,15.00725,6.40825
16,1987,15.36075,6.8085
16,1988,15.24985714,5.993714286
16,1989,14.07,6.614714286
16,1990,14.40185714,7.203571429
16,1991,14.76628571,7.192285714
16,1992,14.68228571,6.789714286
16,1993,15.23942857,6.530142857
16,1994,14.98,6.956714286
16,1995,14.28642857,7.597857143
16,1996,14.15028571,7.427285714
16,1997,14.42571429,6.587571429
16,1998,14.89485714,6.671428571
16,1999,15.26385714,6.778285714
16,2000,14.66271429,6.717571429
16,2001,14.78428571,7.302857143
16,2002,14.30157143,6.468571429
16,2003,14.48657143,7.182571429
16,2004,13.9,7.162571429
16,2005,14.13985714,6.815142857
16,2006,13.93785714,6.398
16,2007,13.75428571,6.688714286
16,2008,14.322,8.321142857
16,2009,14.52242857,7.866571429
16,2010,14.67785714,6.443285714
16,2011,14.23528571,5.868428571
16,2012,14.63785714,7.587428571
16,2013,14.25742857,7.748571429
16,2014,14.02014286,8.523571429
16,2015,13.98042857,8.291857143
16,2016,13.81271429,6.930714286
16,2017,13.626,5.837714286
16,2018,13.62557143,6.253
16,2019,13.33442857,5.954142857
16,2020,13.63428571,6.536285714
16,2021,13.803,6.941285714
16,2022,14.06757143,5.595428571
16,2023,14.005,5.721571429
16,2024,14.09214286,6.378428571
16,2025,,
17,1978,,
17,1979,15.182,8.6515
17,1980,15.2895,6.075
17,1981,14.857,6.55675
17,1982,15.3115,8.303
17,1983,14.854,6.91725
17,1984,14.66166667,7.573666667
17,1985,15.18666667,7.368333333
17,1986,14.74733333,7.158666667
17,1987,15.00366667,7.454
17,1988,14.98471429,6.773857143
17,1989,13.75114286,7.462285714
17,1990,14.08057143,7.957714286
17,1991,14.50914286,7.829428571
17,1992,14.53657143,7.469285714
17,1993,14.94314286,7.121428571
17,1994,14.737,7.644285714
17,1995,13.946,8.304142857
17,1996,14.03914286,8.246
17,1997,14.193,7.306
17,1998,14.59042857,7.669
17,1999,14.82114286,7.403714286
17,2000,14.31042857,7.633
17,2001,14.58042857,8.030285714
17,2002,14.053,7.409857143
17,2003,14.18228571,8.045428571
17,2004,13.67157143,7.801714286
17,2005,13.97914286,7.492571429
17,2006,13.58728571,7.091571429
17,2007,13.55685714,7.486428571
17,2008,13.92928571,9.101714286
17,2009,14.37285714,8.594285714
17,2010,14.45357143,7.339428571
17,2011,14.00242857,6.653285714
17,2012,14.34228571,8.371142857
17,2013,13.95771429,8.414857143
17,2014,13.77542857,9.185
17,2015,13.82242857,9.249285714
17,2016,13.59314286,7.693142857
17,2017,13.44242857,6.703
17,2018,13.40714286,6.749428571
17,2019,13.22928571,6.488714286
17,2020,13.465,7.217
17,2021,13.58757143,7.687285714
17,2022,13.81714286,6.503571429
17,2023,13.73714286,6.380714286
17,2024,13.84385714,7.146142857
17,2025,,
18,1978,,
18,1979,14.695,9.232666667
18,1980,14.85766667,6.893666667
18,1981,14.45,7.367
18,1982,15.06433333,9.001
18,1983,14.45366667,7.584
18,1984,14.138,8.28575
18,1985,14.84725,8.22975
18,1986,14.3845,7.77975
18,1987,14.554,7.94075
18,1988,14.60157143,7.439714286
18,1989,13.35214286,8.552571429
18,1990,13.65528571,8.415142857
18,1991,14.10257143,8.681857143
18,1992,14.08757143,8.273428571
18,1993,14.45328571,8.05
18,1994,14.52857143,8.290428571
18,1995,13.53514286,8.864428571
18,1996,13.62942857,9.164285714
18,1997,14.01028571,8.217428571
18,1998,14.31914286,8.514142857
18,1999,14.58128571,8.149428571
18,2000,14.268,8.451
18,2001,14.25342857,8.855285714
18,2002,13.60857143,8.307857143
18,2003,13.764,8.911571429
18,2004,13.42971429,8.564428571
18,2005,13.79642857,8.205714286
18,2006,12.982,7.832571429
18,2007,13.33414286,8.100857143
18,2008,13.73285714,9.532
18,2009,14.09314286,9.249
18,2010,14.14485714,8.285142857
18,2011,13.73,7.477857143
18,2012,13.63614286,9.087
18,2013,13.55128571,9.205571429
18,2014,13.47171429,9.845
18,2015,13.33685714,10.07671429
18,2016,13.20442857,8.412428571
18,2017,13.14271429,7.467285714
18,2018,13.017,7.511142857
18,2019,12.896,7.155714286
18,2020,13.17828571,8.111428571
18,2021,13.47171429,8.441714286
18,2022,13.62185714,7.358571429
18,2023,13.41014286,7.063285714
18,2024,13.46114286,7.864285714
18,2025,,
19,1978,,
19,1979,14.234,10.06675
19,1980,14.36675,7.81225
19,1981,14.1735,8.12175
19,1982,14.57375,9.72675
19,1983,13.924,8.36375
19,1984,13.81566667,9.024333333
19,1985,14.42466667,9.166
19,1986,13.779,8.493333333
19,1987,14.11833333,8.739
19,1988,14.22,8.212714286
19,1989,13.16242857,9.511857143
19,1990,13.50785714,8.935571429
19,1991,13.74642857,9.448857143
19,1992,13.53542857,8.941142857
19,1993,13.96985714,9.010285714
19,1994,14.11642857,9.071571429
19,1995,13.37442857,9.790428571
19,1996,13.33057143,10.09185714
19,1997,13.67285714,9.153571429
19,1998,14.09114286,9.293
19,1999,14.23428571,9.001428571
19,2000,13.84028571,9.246428571
19,2001,13.96114286,9.697571429
19,2002,13.29728571,8.852571429
19,2003,13.30428571,9.649142857
19,2004,13.00585714,9.326285714
19,2005,13.354,8.935428571
19,2006,12.72057143,8.637
19,2007,13.04071429,8.757857143
19,2008,13.46514286,10.25714286
19,2009,13.75071429,9.882714286
19,2010,13.59085714,9.197571429
19,2011,13.27014286,8.403142857
19,2012,13.38214286,9.834
19,2013,13.30585714,10.05585714
19,2014,13.03242857,10.69785714
19,2015,12.973,10.78414286
19,2016,12.64385714,9.065714286
19,2017,12.88971429,8.349571429
19,2018,12.52528571,8.490428571
19,2019,12.501,7.928142857
19,2020,12.90328571,8.754285714
19,2021,13.03585714,9.273571429
19,2022,13.28228571,8.146857143
19,2023,13.10814286,7.845285714
19,2024,13.15385714,8.539428571
19,2025,,
20,1978,,
20,1979,13.79633333,10.918
20,1980,13.87033333,8.645666667
20,1981,14.00833333,8.936
20,1982,14.14733333,10.47033333
20,1983,13.64333333,9.108666667
20,1984,13.58075,9.79125
20,1985,14.11125,10.0945
20,1986,13.3795,9.38925
20,1987,13.83975,9.42975
20,1988,13.833,8.888142857
20,1989,13.00385714,10.48114286
20,1990,13.251,9.619857143
20,1991,13.52714286,10.31042857
20,1992,13.21371429,9.619428571
20,1993,13.62442857,9.632
20,1994,13.86514286,9.898285714
20,1995,13.031,10.59
20,1996,13.05585714,10.69714286
20,1997,13.26342857,9.969285714
20,1998,13.83471429,10.064
20,1999,13.98671429,9.848714286
20,2000,13.42,10.19957143
20,2001,13.56142857,10.32471429
20,2002,13.06614286,9.296571429
20,2003,13.03514286,10.39157143
20,2004,12.63071429,10.02114286
20,2005,13.15228571,9.745857143
20,2006,12.51857143,9.425142857
20,2007,12.778,9.639142857
20,2008,13.10628571,10.84542857
20,2009,13.37285714,10.69942857
20,2010,13.13142857,10.03471429
20,2011,12.93885714,9.447571429
20,2012,13.03742857,10.45171429
20,2013,13.06557143,10.86471429
20,2014,12.72828571,11.23385714
20,2015,12.65571429,11.45957143
20,2016,12.18114286,9.629714286
20,2017,12.58128571,9.278
20,2018,12.196,9.374714286
20,2019,12.22042857,8.722
20,2020,12.55528571,9.441571429
20,2021,12.83614286,10.075
20,2022,13.09014286,8.996714286
20,2023,12.86185714,8.446428571
20,2024,12.89628571,9.167142857
20,2025,,
21,1978,,
21,1979,13.463,11.55825
21,1980,13.487,9.45175
21,1981,13.65675,9.832
21,1982,13.77125,11.01775
21,1983,13.39175,9.77
21,1984,13.35233333,10.493
21,1985,13.823,10.96066667
21,1986,13.16166667,9.832333333
21,1987,13.574,10.09366667
21,1988,13.44157143,9.903571429
21,1989,12.87414286,11.35728571
21,1990,13.01628571,10.46328571
21,1991,13.22628571,10.91328571
21,1992,13.06414286,10.42785714
21,1993,13.16242857,10.45385714
21,1994,13.58857143,10.73828571
21,1995,12.45485714,11.34685714
21,1996,12.95342857,11.59728571
21,1997,12.84871429,10.73457143
21,1998,13.36385714,10.85614286
21,1999,13.56985714,10.50585714
21,2000,13.06057143,11.10371429
21,2001,13.04185714,11.03642857
21,2002,12.70114286,10.09928571
21,2003,12.86014286,11.34485714
21,2004,12.38785714,10.66685714
21,2005,12.90185714,10.48014286
21,2006,12.26857143,10.523
21,2007,12.52728571,10.47771429
21,2008,12.68028571,11.47742857
21,2009,12.98257143,11.30371429
21,2010,12.64385714,10.93871429
21,2011,12.56314286,10.422
21,2012,12.64757143,11.07457143
21,2013,12.78014286,11.62785714
21,2014,12.54442857,12.09285714
21,2015,12.298,12.10485714
21,2016,11.76585714,10.341
21,2017,12.33171429,9.878857143
21,2018,11.87,10.21771429
21,2019,11.94157143,9.613142857
21,2020,12.09757143,10.28928571
21,2021,12.659,10.68257143
21,2022,12.84214286,9.754714286
21,2023,12.46928571,9.141285714
21,2024,12.50228571,9.856714286
21,2025,,
22,1978,,
22,1979,13.20933333,12.38
22,1980,13.04833333,10.22766667
22,1981,13.32866667,10.723
22,1982,13.502,11.669
22,1983,13.20366667,10.31933333
22,1984,13.01225,11.17925
22,1985,13.40175,11.596
22,1986,12.8345,10.05025
22,1987,13.354,10.75325
22,1988,13.058,10.66657143
22,1989,12.74985714,12.09971429
22,1990,12.60742857,11.28314286
22,1991,12.99742857,11.45242857
22,1992,12.93028571,10.90314286
22,1993,12.81671429,11.14342857
22,1994,13.19628571,11.30057143
22,1995,12.17357143,11.99342857
22,1996,12.70042857,12.42628571
22,1997,12.62642857,11.33071429
22,1998,13.01528571,11.35314286
22,1999,13.30585714,11.42614286
22,2000,12.78314286,11.96228571
22,2001,12.65771429,11.68585714
22,2002,12.41114286,10.58914286
22,2003,12.613,12.23371429
22,2004,12.23385714,11.62471429
22,2005,12.51414286,11.36085714
22,2006,11.909,11.61871429
22,2007,12.19257143,11.40871429
22,2008,12.36271429,12.18142857
22,2009,12.55828571,12.04685714
22,2010,12.21042857,12.08671429
22,2011,12.23328571,11.31157143
22,2012,12.33414286,11.82328571
22,2013,12.46885714,12.24157143
22,2014,12.25342857,12.67042857
22,2015,11.86414286,12.74371429
22,2016,11.42157143,10.91557143
22,2017,11.93257143,10.61785714
22,2018,11.617,10.981
22,2019,11.61985714,10.25928571
22,2020,11.72271429,11.175
22,2021,12.30328571,11.39571429
22,2022,12.534,10.28428571
22,2023,12.00857143,9.757571429
22,2024,12.12242857,10.462
22,2025,,
23,1978,,
23,1979,12.8635,13.319
23,1980,12.674,10.962
23,1981,13.05925,11.639
23,1982,13.05625,12.2755
23,1983,12.9145,10.95625
23,1984,12.53633333,12.00033333
23,1985,12.81633333,12.34933333
23,1986,12.413,11.59266667
23,1987,12.96766667,11.52133333
23,1988,12.65042857,11.58542857
23,1989,12.56285714,12.64728571
23,1990,12.097,12.03685714
23,1991,12.65571429,12.07357143
23,1992,12.59671429,11.60214286
23,1993,12.45271429,11.85214286
23,1994,12.80571429,12.05885714
23,1995,11.86328571,12.67242857
23,1996,12.39714286,12.96028571
23,1997,12.24657143,12.03342857
23,1998,12.55057143,12.07385714
23,1999,12.88471429,12.34514286
23,2000,12.42042857,12.51671429
23,2001,12.23714286,12.37557143
23,2002,12.03642857,11.27185714
23,2003,12.29042857,12.95757143
23,2004,11.98914286,12.37657143
23,2005,12.03242857,11.94042857
23,2006,11.49657143,12.40528571
23,2007,11.80685714,12.236
23,2008,11.96942857,12.89671429
23,2009,11.991,12.64871429
23,2010,11.73114286,12.95
23,2011,11.88114286,12.10157143
23,2012,11.673,12.51271429
23,2013,12.03428571,13.14114286
23,2014,11.85842857,13.435
23,2015,11.49071429,13.159
23,2016,11.11242857,11.418
23,2017,11.43028571,11.60714286
23,2018,11.204,11.79328571
23,2019,11.11585714,11.06514286
23,2020,11.37528571,11.984
23,2021,11.79142857,12.03957143
23,2022,12.11457143,10.77257143
23,2023,11.62271429,10.39685714
23,2024,11.63671429,10.86971429
23,2025,,
24,1978,,
24,1979,12.65133333,13.787
24,1980,12.444,11.96733333
24,1981,12.74533333,12.24
24,1982,12.76433333,12.994
24,1983,12.60666667,11.85133333
24,1984,12.2735,12.90425
24,1985,12.41725,13.27025
24,1986,12.1195,12.21325
24,1987,12.65675,12.1115
24,1988,12.308,12.32757143
24,1989,12.35871429,13.39571429
24,1990,11.78528571,12.75828571
24,1991,12.267,12.83642857
24,1992,12.33985714,12.21828571
24,1993,12.202,12.66628571
24,1994,12.40471429,12.824
24,1995,11.554,13.03571429
24,1996,12.20871429,13.544
24,1997,12.087,12.70242857
24,1998,12.125,12.74885714
24,1999,12.429,13.11314286
24,2000,12.03314286,13.20242857
24,2001,11.69714286,13.23571429
24,2002,11.77057143,11.89157143
24,2003,11.93171429,13.63628571
24,2004,11.76214286,13.05528571
24,2005,11.56742857,12.516
24,2006,11.105,13.30914286
24,2007,11.53914286,13.02028571
24,2008,11.50057143,13.67585714
24,2009,11.66128571,13.45428571
24,2010,11.16714286,13.72371429
24,2011,11.38414286,12.68942857
24,2012,10.75528571,13.29142857
24,2013,11.63685714,13.80214286
24,2014,11.488,14.10928571
24,2015,11.21142857,13.86885714
24,2016,10.91485714,12.383
24,2017,10.90214286,12.339
24,2018,10.92814286,12.70071429
24,2019,10.87171429,11.845
24,2020,10.96514286,12.75942857
24,2021,11.28014286,12.82371429
24,2022,11.49228571,11.54128571
24,2023,11.15228571,10.861
24,2024,11.06614286,11.46214286
24,2025,,
25,1978,,
25,1979,12.387,14.746
25,1980,12.11225,12.978
25,1981,12.383,13.29325
25,1982,12.53075,13.5945
25,1983,12.28625,12.6165
25,1984,12.021,13.64466667
25,1985,11.933,13.902
25,1986,11.91566667,12.87266667
25,1987,12.45066667,12.81866667
25,1988,12.00871429,13.02271429
25,1989,12.06257143,14.24557143
25,1990,11.41857143,13.74057143
25,1991,11.958,13.33628571
25,1992,12.10728571,12.965
25,1993,11.87328571,13.11842857
25,1994,12.05,13.43614286
25,1995,11.16328571,13.71785714
25,1996,12.018,14.259
25,1997,11.65628571,13.30642857
25,1998,11.66642857,13.39085714
25,1999,11.84485714,13.63342857
25,2000,11.77271429,13.89142857
25,2001,11.10685714,13.97714286
25,2002,11.44942857,12.74971429
25,2003,11.46771429,14.21671429
25,2004,11.49185714,13.91328571
25,2005,11.26757143,13.27271429
25,2006,10.57142857,13.88871429
25,2007,10.97542857,13.90185714
25,2008,11.07685714,14.36328571
25,2009,11.33871429,14.11
25,2010,10.64257143,14.444
25,2011,10.79671429,13.37142857
25,2012,10.25114286,14.073
25,2013,11.25614286,14.58185714
25,2014,10.95542857,14.97
25,2015,10.81542857,14.68185714
25,2016,10.57371429,13.31928571
25,2017,10.35871429,12.96971429
25,2018,10.62985714,13.36814286
25,2019,10.53828571,12.586
25,2020,10.54557143,13.49457143
25,2021,10.75771429,13.69528571
25,2022,10.93414286,12.21671429
25,2023,10.63071429,11.45842857
25,2024,10.71285714,12.13728571
25,2025,,
26,1978,,
26,1979,11.97266667,15.51
26,1980,11.70866667,13.87633333
26,1981,12.02666667,14.02633333
26,1982,12.04733333,13.99466667
26,1983,12.07866667,13.25733333
26,1984,11.67025,14.58375
26,1985,11.5765,14.444
26,1986,11.7045,13.51575
26,1987,12.132,13.618
26,1988,11.67657143,13.80014286
26,1989,11.67542857,14.808
26,1990,11.07028571,14.22471429
26,1991,11.57385714,14.04014286
26,1992,11.846,13.60485714
26,1993,11.53857143,13.78285714
26,1994,11.69471429,14.34485714
26,1995,10.77614286,14.399
26,1996,11.72614286,14.73528571
26,1997,11.21928571,14.03571429
26,1998,11.089,14.24871429
26,1999,10.99714286,14.27785714
26,2000,11.441,14.39971429
26,2001,10.50357143,14.496
26,2002,11.10014286,13.58228571
26,2003,10.98171429,14.78285714
26,2004,11.105,14.58714286
26,2005,10.84428571,13.89657143
26,2006,9.937285714,14.62657143
26,2007,10.33128571,14.41
26,2008,10.56571429,15.00442857
26,2009,10.82671429,14.74928571
26,2010,9.911857143,15.23814286
26,2011,10.22728571,13.89271429
26,2012,9.618142857,14.74457143
26,2013,10.57971429,15.133
26,2014,10.24114286,15.79157143
26,2015,10.44828571,15.371
26,2016,9.985,14.036
26,2017,9.693428571,13.58928571
26,2018,10.15842857,14.11971429
26,2019,9.889571429,13.51914286
26,2020,10.03642857,14.10742857
26,2021,10.20742857,14.31314286
26,2022,10.30157143,12.74514286
26,2023,9.858857143,11.979
26,2024,10.17814286,12.57471429
26,2025,,
27,1978,,
27,1979,11.279,15.82675
27,1980,11.20175,14.34125
27,1981,11.58525,14.93225
27,1982,11.62375,14.60775
27,1983,11.787,14.01975
27,1984,10.99933333,15.65866667
27,1985,10.95066667,15.09133333
27,1986,11.222,14.123
27,1987,11.54233333,14.58
27,1988,11.17357143,14.38514286
27,1989,11.059,15.11785714
27,1990,10.42371429,14.683
27,1991,10.793,14.46342857
27,1992,11.46085714,14.42057143
27,1993,11.04214286,14.53657143
27,1994,11.26971429,14.80585714
27,1995,10.05042857,15.01357143
27,1996,11.20828571,15.065
27,1997,10.62028571,14.71357143
27,1998,10.46385714,14.787
27,1999,10.48914286,15.13828571
27,2000,11.02,14.804
27,2001,9.867428571,15.06114286
27,2002,10.53085714,14.24828571
27,2003,10.41357143,15.411
27,2004,10.69314286,15.13442857
27,2005,10.21657143,14.63857143
27,2006,9.269714286,15.26671429
27,2007,9.158571429,14.95228571
27,2008,9.931571429,15.276
27,2009,10.1,15.11328571
27,2010,9.181285714,15.90471429
27,2011,9.568142857,14.35557143
27,2012,8.794428571,15.35557143
27,2013,9.471571429,15.71585714
27,2014,9.270142857,16.43557143
27,2015,9.912285714,15.98528571
27,2016,9.461,14.62057143
27,2017,8.954571429,14.36242857
27,2018,9.504571429,14.82271429
27,2019,9.056,14.10828571
27,2020,9.298428571,14.64428571
27,2021,9.415,15.05571429
27,2022,9.781,13.572
27,2023,9.228,12.39714286
27,2024,9.478142857,13.25985714
27,2025,,
28,1978,,
28,1979,10.65266667,16.257
28,1980,10.709,15.07566667
28,1981,11.03233333,15.42566667
28,1982,11.184,15.16833333
28,1983,11.29733333,14.85166667
28,1984,10.369,16.14225
28,1985,10.38625,15.50875
28,1986,10.80175,14.4695
28,1987,11.0495,15.1025
28,1988,10.59414286,14.87128571
28,1989,10.545,15.355
28,1990,9.810857143,15.13957143
28,1991,10.04714286,14.93142857
28,1992,10.98885714,15.14828571
28,1993,10.26328571,15.11214286
28,1994,10.79885714,15.43242857
28,1995,9.307285714,15.50957143
28,1996,10.69571429,15.54628571
28,1997,10.023,15.31228571
28,1998,9.966857143,15.32271429
28,1999,9.982571429,15.61771429
28,2000,10.46342857,15.46971429
28,2001,9.404142857,15.56871429
28,2002,9.904571429,14.91928571
28,2003,9.879,15.90228571
28,2004,10.18085714,15.63014286
28,2005,9.537714286,15.167
28,2006,8.704,15.79585714
28,2007,8.432714286,15.40728571
28,2008,9.376285714,15.64285714
28,2009,9.290857143,15.74871429
28,2010,8.764142857,16.393
28,2011,8.774,14.72771429
28,2012,8.066428571,16.03228571
28,2013,8.677857143,16.40828571
28,2014,8.635857143,16.58314286
28,2015,9.298142857,16.53614286
28,2016,8.815,15.32242857
28,2017,8.325857143,14.85957143
28,2018,8.828428571,15.41671429
28,2019,8.171857143,14.77057143
28,2020,8.213714286,15.24757143
28,2021,8.400428571,15.69571429
28,2022,9.156714286,14.20414286
28,2023,8.611571429,13.08285714
28,2024,8.573285714,13.90957143
28,2025,,
29,1978,,
29,1979,10.12575,16.72675
29,1980,10.07575,15.63325
29,1981,10.45375,15.9465
29,1982,10.545,15.812
29,1983,10.969,15.31775
29,1984,9.756333333,16.43366667
29,1985,9.660666667,15.783
29,1986,10.22733333,15.445
29,1987,10.48966667,15.619
29,1988,10.00714286,15.61271429
29,1989,9.856,15.83657143
29,1990,9.027142857,15.70342857
29,1991,9.353714286,15.56328571
29,1992,10.47342857,15.914
29,1993,9.499,15.81514286
29,1994,10.25285714,16.01214286
29,1995,8.675285714,15.82557143
29,1996,10.09957143,16.31014286
29,1997,9.358428571,15.93085714
29,1998,9.501,15.83971429
29,1999,9.657857143,16.18928571
29,2000,9.904571429,15.859
29,2001,8.930142857,15.853
29,2002,9.199714286,15.57428571
29,2003,9.221142857,16.372
29,2004,9.606571429,16.315
29,2005,9.036428571,15.92314286
29,2006,8.263,16.31628571
29,2007,7.705142857,16.06314286
29,2008,8.715,16.21885714
29,2009,8.623714286,16.42857143
29,2010,8.332571429,16.92542857
29,2011,7.854142857,15.35557143
29,2012,7.457,16.48042857
29,2013,7.957,16.90757143
29,2014,8.021,16.88242857
29,2015,8.514,16.74542857
29,2016,8.121142857,15.99957143
29,2017,7.550714286,15.53257143
29,2018,8.138142857,15.85371429
29,2019,7.429285714,15.48785714
29,2020,7.243857143,15.60642857
29,2021,7.678571429,16.23771429
29,2022,8.644285714,14.77942857
29,2023,7.852571429,13.89414286
29,2024,7.665285714,14.15728571
29,2025,,
30,1978,,
30,1979,9.612666667,17.03866667
30,1980,9.577,16.138
30,1981,9.717333333,16.534
30,1982,9.994333333,16.14866667
30,1983,10.26033333,15.70633333
30,1984,9.25325,16.96775
30,1985,8.9585,16.14525
30,1986,9.478,16.12325
30,1987,9.82225,16.165
30,1988,9.501857143,16.11557143
30,1989,9.248571429,16.34757143
30,1990,8.329428571,16.29385714
30,1991,8.833571429,16.41828571
30,1992,9.877285714,16.48771429
30,1993,8.995571429,16.21271429
30,1994,9.527714286,16.786
30,1995,8.093,16.47814286
30,1996,9.479285714,16.82028571
30,1997,8.802285714,16.56028571
30,1998,8.970857143,16.43242857
30,1999,9.259285714,16.67485714
30,2000,9.237,16.233
30,2001,8.478428571,16.49742857
30,2002,8.448714286,16.16728571
30,2003,8.542857143,16.994
30,2004,9.011142857,16.72885714
30,2005,8.294857143,16.60457143
30,2006,7.735857143,16.97714286
30,2007,7.022571429,16.85671429
30,2008,7.991,16.50271429
30,2009,7.819142857,16.56528571
30,2010,7.698428571,17.20685714
30,2011,7.187714286,16.22085714
30,2012,6.907714286,16.93714286
30,2013,7.325571429,17.38514286
30,2014,7.595714286,17.62014286
30,2015,7.647428571,16.92185714
30,2016,7.591285714,16.24985714
30,2017,7.088857143,16.25371429
30,2018,7.255428571,16.29742857
30,2019,6.743714286,15.99757143
30,2020,6.419571429,16.11614286
30,2021,7.193285714,16.98185714
30,2022,7.967571429,15.42071429
30,2023,7.237571429,14.38214286
30,2024,6.969142857,14.50571429
30,2025,,
31,1978,,
31,1979,9.106,17.03375
31,1980,8.96475,16.55675
31,1981,8.994,16.897
31,1982,9.32275,16.77725
31,1983,9.6225,16.14875
31,1984,8.716,17.44233333
31,1985,8.284,16.21833333
31,1986,8.949666667,16.33466667
31,1987,9.204333333,16.895
31,1988,8.961571429,16.57057143
31,1989,8.718285714,16.81028571
31,1990,7.679142857,16.81257143
31,1991,8.118428571,16.79014286
31,1992,9.183571429,16.97057143
31,1993,8.579571429,16.75514286
31,1994,8.986285714,17.20014286
31,1995,7.447428571,16.98757143
31,1996,8.977714286,17.14771429
31,1997,8.241,17.004
31,1998,8.548571429,17.02571429
31,1999,8.707571429,17.05528571
31,2000,8.663857143,16.64357143
31,2001,8.056571429,16.97685714
31,2002,7.743714286,16.43871429
31,2003,8.027428571,17.25314286
31,2004,8.457857143,17.10285714
31,2005,7.571857143,17.11685714
31,2006,7.235,17.11928571
31,2007,6.463857143,17.32314286
31,2008,7.382857143,16.82814286
31,2009,7.107285714,17.03414286
31,2010,7.113857143,17.52957143
31,2011,6.801142857,16.85328571
31,2012,6.231428571,17.417
31,2013,6.919285714,18.01271429
31,2014,7.103285714,18.089
31,2015,7.020857143,17.38528571
31,2016,7.046142857,16.739
31,2017,6.451428571,16.57857143
31,2018,6.579857143,16.81828571
31,2019,6.111142857,16.52214286
31,2020,6.099285714,16.61642857
31,2021,6.708714286,17.42414286
31,2022,7.219,15.70242857
31,2023,6.674428571,14.81742857
31,2024,6.315285714,15.08214286
31,2025,,
32,1978,,
32,1979,8.560666667,17.05466667
32,1980,8.502333333,17.219
32,1981,8.363,17.23233333
32,1982,8.785666667,17.237
32,1983,9.068333333,16.646
32,1984,8.13025,17.74525
32,1985,7.8655,16.984
32,1986,8.433,16.38225
32,1987,8.362,17.39375
32,1988,8.503285714,17.17928571
32,1989,8.232,17.17285714
32,1990,7.167571429,17.27328571
32,1991,7.736142857,17.41842857
32,1992,8.552142857,17.32342857
32,1993,8.131571429,16.77928571
32,1994,8.380428571,17.29557143
32,1995,6.971857143,17.61014286
32,1996,8.627142857,17.38371429
32,1997,7.670714286,17.13971429
32,1998,8.112285714,17.37271429
32,1999,8.186142857,17.36928571
32,2000,7.951857143,17.48071429
32,2001,7.811857143,17.27457143
32,2002,7.134714286,16.63771429
32,2003,7.410714286,17.35657143
32,2004,7.794142857,17.48414286
32,2005,7.008714286,17.56614286
32,2006,6.789142857,17.59271429
32,2007,5.803857143,17.47371429
32,2008,6.683857143,17.28428571
32,2009,6.811857143,17.56171429
32,2010,6.491,18.042
32,2011,6.470428571,17.34114286
32,2012,5.335714286,17.87614286
32,2013,6.502285714,18.181
32,2014,6.676285714,18.629
32,2015,6.400285714,17.54342857
32,2016,6.329428571,17.05685714
32,2017,5.769857143,16.94071429
32,2018,6.019,17.10471429
32,2019,5.431285714,17.04842857
32,2020,5.768285714,16.98957143
32,2021,6.234571429,17.61428571
32,2022,6.689571429,16.45628571
32,2023,6.020571429,14.99942857
32,2024,5.692,15.90928571
32,2025,,
33,1978,,
33,1979,8.051,17.78
33,1980,7.957,17.788
33,1981,7.901,17.67875
33,1982,8.35125,17.70175
33,1983,8.53725,16.8125
33,1984,7.810666667,17.93233333
33,1985,7.432666667,17.544
33,1986,7.962666667,16.847
33,1987,7.807333333,17.52033333
33,1988,8.181,17.48157143
33,1989,7.853571429,17.54685714
33,1990,6.808857143,17.56114286
33,1991,7.504285714,17.96371429
33,1992,8.037,17.63171429
33,1993,7.652428571,17.137
33,1994,7.833285714,17.53671429
33,1995,6.68,17.94157143
33,1996,8.274142857,17.66585714
33,1997,7.334285714,17.56357143
33,1998,7.692,17.72285714
33,1999,7.604,17.89585714
33,2000,7.606571429,18.10528571
33,2001,7.509142857,17.55028571
33,2002,6.615857143,16.89542857
33,2003,6.985428571,17.46085714
33,2004,7.131285714,17.78742857
33,2005,6.520285714,17.73471429
33,2006,6.457142857,18.10028571
33,2007,5.314142857,17.52814286
33,2008,6.098,17.80628571
33,2009,6.403142857,18.08785714
33,2010,6.113142857,18.59871429
33,2011,5.859571429,17.59114286
33,2012,4.702,18.074
33,2013,6.080714286,18.68642857
33,2014,6.218857143,18.93514286
33,2015,5.851714286,17.63585714
33,2016,5.778857143,17.591
33,2017,5.339142857,17.186
33,2018,5.596,17.329
33,2019,4.970285714,17.461
33,2020,5.408142857,17.573
33,2021,5.925,17.93271429
33,2022,6.297857143,16.78542857
33,2023,5.525714286,15.42885714
33,2024,5.315142857,16.44857143
33,2025,,
34,1978,,
34,1979,7.600666667,18.229
34,1980,7.745333333,18.07566667
34,1981,7.661333333,17.99733333
34,1982,7.983333333,17.93533333
34,1983,7.973333333,17.18766667
34,1984,7.439,18.106
34,1985,7.13825,18.03025
34,1986,7.78375,17.35025
34,1987,7.3022,17.591
34,1988,7.823,17.59442857
34,1989,7.462428571,17.74885714
34,1990,6.460285714,17.78357143
34,1991,7.245714286,17.83557143
34,1992,7.718,17.91414286
34,1993,7.169,17.614
34,1994,7.469714286,17.73585714
34,1995,6.466571429,18.17485714
34,1996,7.947142857,17.85485714
34,1997,7.198857143,18.015
34,1998,7.324142857,18.03528571
34,1999,7.054428571,18.05771429
34,2000,7.173857143,18.35885714
34,2001,7.175857143,17.56328571
34,2002,6.254428571,17.24728571
34,2003,6.674428571,17.639
34,2004,6.620714286,18.054
34,2005,6.190142857,18.002
34,2006,6.117,18.66357143
34,2007,4.911285714,17.686
34,2008,5.608285714,17.74171429
34,2009,5.914714286,18.31157143
34,2010,5.790857143,18.81171429
34,2011,5.370428571,17.93228571
34,2012,4.176,18.24514286
34,2013,5.721857143,18.93314286
34,2014,5.763571429,19.09342857
34,2015,5.398142857,17.66785714
34,2016,5.228428571,18.043
34,2017,5.106571429,17.64871429
34,2018,5.237428571,17.66914286
34,2019,4.704857143,17.737
34,2020,4.777857143,17.96057143
34,2021,5.614714286,18.29242857
34,2022,5.927142857,17.089
34,2023,5.005571429,15.95085714
34,2024,4.860142857,16.57942857
34,2025,,
35,1978,,
35,1979,7.32425,18.181
35,1980,7.60825,18.344
35,1981,7.43225,18.05275
35,1982,7.70775,18.07
35,1983,7.71325,17.79525
35,1984,7.129,18.17333333
35,1985,6.854333333,18.47833333
35,1986,7.578666667,17.49733333
35,1987,7.146571429,17.86342857
35,1988,7.519142857,17.75285714
35,1989,7.193571429,18.008
35,1990,6.230857143,18.10271429
35,1991,6.952142857,17.98985714
35,1992,7.446,18.05585714
35,1993,6.761714286,18.031
35,1994,7.276714286,18.207
35,1995,6.249714286,17.96685714
35,1996,7.584857143,18.28385714
35,1997,6.826142857,18.11528571
35,1998,6.999142857,18.34628571
35,1999,6.482571429,18.33457143
35,2000,6.735857143,18.422
35,2001,6.945714286,17.52742857
35,2002,6.001,17.71457143
35,2003,6.516142857,17.89257143
35,2004,6.229714286,18.44014286
35,2005,5.941571429,18.165
35,2006,5.994285714,18.97485714
35,2007,4.661428571,18.32171429
35,2008,5.053,17.85457143
35,2009,5.520142857,18.43171429
35,2010,5.401428571,18.86585714
35,2011,4.941142857,18.03371429
35,2012,3.732142857,18.56457143
35,2013,5.417571429,19.07585714
35,2014,5.502,19.11485714
35,2015,4.876,18.01828571
35,2016,4.839,18.36971429
35,2017,4.894,17.71571429
35,2018,5.029,17.89785714
35,2019,4.613714286,18.02
35,2020,4.439285714,18.40514286
35,2021,5.337714286,18.64728571
35,2022,5.45,17.431
35,2023,4.679857143,16.40357143
35,2024,4.572,16.815
35,2025,,
36,1978,,
36,1979,7.086333333,18.25733333
36,1980,7.544,18.61166667
36,1981,7.245,18.234
36,1982,7.400666667,18.37333333
36,1983,7.389333333,18.12166667
36,1984,6.6405,18.1315
36,1985,6.58375,18.71675
36,1986,7.24525,17.61925
36,1987,6.986571429,17.908
36,1988,7.254571429,17.769
36,1989,6.994714286,18.10114286
36,1990,6.157857143,18.19957143
36,1991,6.703714286,17.943
36,1992,7.269428571,18.11471429
36,1993,6.374285714,18.48242857
36,1994,7.121142857,18.72328571
36,1995,6.033,18.07714286
36,1996,7.258428571,18.51214286
36,1997,6.658857143,18.44842857
36,1998,6.690857143,18.45442857
36,1999,6.141,18.438
36,2000,6.378285714,18.49914286
36,2001,6.764142857,17.77585714
36,2002,5.730142857,17.94928571
36,2003,6.252857143,17.95142857
36,2004,5.976857143,18.76785714
36,2005,5.683714286,18.20185714
36,2006,5.912428571,18.91871429
36,2007,4.367,18.684
36,2008,4.752428571,18.22385714
36,2009,5.285571429,18.66042857
36,2010,5.103285714,18.86542857
36,2011,4.637428571,18.34942857
36,2012,3.523285714,18.84885714
36,2013,5.207,19.16557143
36,2014,5.341142857,19.26057143
36,2015,4.518285714,18.462
36,2016,4.408714286,18.43428571
36,2017,4.733714286,17.89485714
36,2018,4.866857143,17.89114286
36,2019,4.384714286,18.29942857
36,2020,4.071142857,18.55214286
36,2021,5.092285714,18.76285714
36,2022,5.128571429,17.62657143
36,2023,4.428571429,16.91271429
36,2024,4.306142857,16.934
36,2025,,
37,1978,,
37,1979,7.02075,18.2915
37,1980,7.5585,18.68975
37,1981,6.961,18.42025
37,1982,7.192,18.41225
37,1983,7.24975,18.5065
37,1984,6.461333333,18.23666667
37,1985,6.513,18.90266667
37,1986,7.197666667,17.60033333
37,1987,7.098,18.098
37,1988,7.171,18.02871429
37,1989,6.915571429,18.171
37,1990,6.128571429,18.04714286
37,1991,6.401,18.28757143
37,1992,7.226714286,18.37657143
37,1993,6.192714286,18.44442857
37,1994,6.962,18.65114286
37,1995,6.081285714,18.386
37,1996,7.257142857,18.70585714
37,1997,6.686714286,18.66371429
37,1998,6.469285714,18.73014286
37,1999,5.834,18.58571429
37,2000,6.136,18.75942857
37,2001,6.670857143,18.19885714
37,2002,5.651,18.00085714
37,2003,6.081285714,18.12057143
37,2004,5.896714286,19.05114286
37,2005,5.629,18.53185714
37,2006,5.829428571,18.993
37,2007,4.214714286,18.80157143
37,2008,4.613428571,18.17642857
37,2009,5.145142857,18.85585714
37,2010,4.819,18.93242857
37,2011,4.364142857,18.57828571
37,2012,3.423142857,19.30614286
37,2013,5.062857143,19.35685714
37,2014,5.137,19.53871429
37,2015,4.448571429,18.526
37,2016,4.185571429,18.38057143
37,2017,4.685285714,18.03342857
37,2018,4.755857143,17.71642857
37,2019,4.316857143,18.25557143
37,2020,3.855571429,18.74142857
37,2021,4.882571429,18.68014286
37,2022,4.891571429,17.946
37,2023,4.278,16.92357143
37,2024,4.2965,17.07475
37,2025,,
38,1978,,
38,1979,6.935333333,18.06666667
38,1980,7.611,18.883
38,1981,6.968333333,18.727
38,1982,7.184333333,18.34666667
38,1983,7.270666667,18.701
38,1984,6.653,18.31125
38,1985,6.67375,18.67975
38,1986,7.36725,17.90975
38,1987,7.188428571,18.49528571
38,1988,7.223142857,18.47142857
38,1989,6.930571429,18.15671429
38,1990,6.057714286,18.19871429
38,1991,6.332,18.34428571
38,1992,7.334,18.18771429
38,1993,6.228428571,18.57485714
38,1994,7.025285714,18.53928571
38,1995,6.088,18.56257143
38,1996,7.642142857,18.71757143
38,1997,6.648857143,18.58328571
38,1998,6.379428571,19.18171429
38,1999,5.808428571,18.68885714
38,2000,6.003,18.91728571
38,2001,6.622571429,18.34742857
38,2002,5.705714286,17.837
38,2003,6.041571429,18.34757143
38,2004,5.818714286,18.89414286
38,2005,5.490285714,18.78657143
38,2006,5.810285714,19.28571429
38,2007,4.186142857,18.95642857
38,2008,4.589714286,18.18242857
38,2009,5.184428571,18.95442857
38,2010,4.726,18.80628571
38,2011,4.468142857,18.737
38,2012,3.495714286,19.35028571
38,2013,5.100857143,19.50814286
38,2014,5.065714286,20.04442857
38,2015,4.498428571,18.32357143
38,2016,4.326857143,17.99457143
38,2017,4.807285714,17.909
38,2018,4.664,18.07057143
38,2019,4.220285714,18.324
38,2020,3.852,18.96957143
38,2021,4.781571429,18.52714286
38,2022,4.738142857,18.21571429
38,2023,4.272428571,16.766
38,2024,4.353,17.142
38,2025,,
39,1978,,
39,1979,7.09775,18.152
39,1980,7.822,19.01375
39,1981,7.212,18.759
39,1982,7.348,18.3125
39,1983,7.4145,18.73875
39,1984,7.323666667,18.07566667
39,1985,6.928,18.57366667
39,1986,7.596666667,17.65766667
39,1987,7.514714286,18.31085714
39,1988,7.455714286,18.51471429
39,1989,7.171571429,18.06642857
39,1990,6.177,18.30157143
39,1991,6.404,18.57714286
39,1992,7.649857143,17.98357143
39,1993,6.445,18.58442857
39,1994,7.178428571,18.54842857
39,1995,6.092714286,18.57542857
39,1996,8.009857143,18.657
39,1997,6.684142857,18.69571429
39,1998,6.536,19.08471429
39,1999,6.248428571,18.76342857
39,2000,6.306857143,18.88385714
39,2001,6.812714286,18.436
39,2002,6.067857143,17.77671429
39,2003,6.083142857,18.59828571
39,2004,5.984428571,18.898
39,2005,5.325285714,18.96814286
39,2006,5.863,19.20485714
39,2007,4.242142857,19.02057143
39,2008,4.713,18.03514286
39,2009,5.326571429,19.23
39,2010,4.701714286,18.63371429
39,2011,4.613428571,18.90457143
39,2012,3.765,19.40757143
39,2013,5.346,19.48014286
39,2014,5.255714286,20.04685714
39,2015,4.757714286,18.299
39,2016,4.656142857,18.05785714
39,2017,5.065285714,17.83857143
39,2018,4.809857143,18.137
39,2019,4.459285714,18.42257143
39,2020,4.107285714,18.95042857
39,2021,4.953857143,18.42357143
39,2022,4.821,18.17657143
39,2023,4.453,16.66357143
39,2024,4.462428571,17.09128571
39,2025,,
40,1978,,
40,1979,7.583666667,18.27866667
40,1980,8.151666667,18.907
40,1981,7.700666667,18.755
40,1982,7.643,18.237
40,1983,7.709666667,18.47
40,1984,7.8245,17.89825
40,1985,7.426,18.5845
40,1986,8.186,17.569
40,1987,7.929857143,18.37885714
40,1988,7.797,18.52128571
40,1989,7.656857143,17.95985714
40,1990,6.873428571,18.27442857
40,1991,6.939571429,18.51085714
40,1992,8.237857143,17.99628571
40,1993,7.023142857,18.60228571
40,1994,7.534285714,18.67342857
40,1995,6.237714286,18.48871429
40,1996,8.288857143,18.36614286
40,1997,7.044285714,18.43671429
40,1998,7.049857143,18.96814286
40,1999,6.885428571,18.92
40,2000,6.553142857,19.07214286
40,2001,7.427142857,18.18871429
40,2002,6.728857143,17.89057143
40,2003,6.400857143,18.57742857
40,2004,6.457285714,18.86828571
40,2005,5.562428571,19.22842857
40,2006,6.26,19.15357143
40,2007,4.706428571,18.90342857
40,2008,5.196142857,18.10828571
40,2009,5.592428571,18.92871429
40,2010,5.295571429,18.79428571
40,2011,4.880857143,18.847
40,2012,4.180142857,19.15628571
40,2013,5.9,19.49185714
40,2014,5.644,19.72614286
40,2015,5.153,18.77371429
40,2016,5.148,18.09271429
40,2017,5.508,17.98728571
40,2018,5.067714286,18.21871429
40,2019,4.799714286,18.41542857
40,2020,4.395714286,18.95214286
40,2021,5.261571429,18.21014286
40,2022,5.135,18.05
40,2023,4.965428571,16.69328571
40,2024,4.730571429,17.01971429
40,2025,,
41,1978,,
41,1979,8.11675,18.092
41,1980,8.70025,18.7845
41,1981,8.252,18.673
41,1982,8.3515,18.0945
41,1983,8.48375,18.18275
41,1984,8.225,17.685
41,1985,8.042333333,18.51766667
41,1986,8.990666667,17.577
41,1987,8.633285714,17.94285714
41,1988,8.369,18.71142857
41,1989,8.305,18.07414286
41,1990,7.585285714,18.22714286
41,1991,7.742428571,18.38585714
41,1992,8.839857143,18.14128571
41,1993,7.826571429,18.533
41,1994,8.069571429,18.43614286
41,1995,6.733428571,18.40014286
41,1996,8.864571429,18.24114286
41,1997,7.586142857,18.38242857
41,1998,7.875571429,19.00328571
41,1999,7.556714286,18.68014286
41,2000,7.191714286,18.72942857
41,2001,7.946571429,17.93642857
41,2002,7.643714286,18.03814286
41,2003,6.932285714,18.33728571
41,2004,7.064,18.77257143
41,2005,6.068714286,19.05114286
41,2006,6.835857143,18.96942857
41,2007,5.172571429,18.579
41,2008,6.109285714,18.08257143
41,2009,5.924285714,18.72357143
41,2010,5.940714286,18.92542857
41,2011,5.343571429,18.79328571
41,2012,4.799285714,18.90642857
41,2013,6.678285714,19.32657143
41,2014,6.180142857,19.46285714
41,2015,5.829,18.774
41,2016,5.357428571,18.04671429
41,2017,6.228428571,18.05928571
41,2018,5.284142857,18.07214286
41,2019,5.014571429,18.303
41,2020,4.696,18.81157143
41,2021,5.680142857,18.00757143
41,2022,5.544428571,17.95114286
41,2023,5.521285714,16.33571429
41,2024,5.065714286,16.76085714
41,2025,,
42,1978,,
42,1979,8.899333333,17.896
42,1980,9.217,18.789
42,1981,8.857,18.53966667
42,1982,9.405333333,17.92166667
42,1983,9.090333333,18.021
42,1984,8.45975,17.458
42,1985,8.60275,18.20375
42,1986,9.48,17.27225
42,1987,8.973714286,17.80685714
42,1988,8.934571429,18.56057143
42,1989,9.065714286,17.99614286
42,1990,8.742142857,18.09557143
42,1991,8.876571429,18.037
42,1992,9.286571429,18.14742857
42,1993,8.746142857,18.35914286
42,1994,8.415285714,18.11128571
42,1995,8.210571429,18.09657143
42,1996,9.245285714,18.102
42,1997,8.272142857,18.15971429
42,1998,8.27,18.79457143
42,1999,8.412,18.49771429
42,2000,8.092428571,18.451
42,2001,8.354571429,17.79042857
42,2002,8.222142857,17.98514286
42,2003,7.662142857,18.09442857
42,2004,7.779,18.58071429
42,2005,6.626714286,18.75642857
42,2006,7.889142857,18.73114286
42,2007,5.815285714,18.633
42,2008,7.260571429,18.02971429
42,2009,6.683,18.393
42,2010,6.758285714,18.82157143
42,2011,5.853571429,18.425
42,2012,6.029428571,18.59214286
42,2013,7.567571429,19.20171429
42,2014,6.993571429,19.03685714
42,2015,6.643285714,18.53457143
42,2016,5.574857143,17.77485714
42,2017,6.997,17.71628571
42,2018,5.984428571,17.85471429
42,2019,5.393571429,18.11957143
42,2020,5.160142857,18.51514286
42,2021,6.309428571,17.89257143
42,2022,6.071714286,17.80271429
42,2023,6.540857143,16.05657143
42,2024,5.607428571,16.62928571
42,2025,,
43,1978,10.3255,17.7135
43,1979,9.5825,17.50325
43,1980,9.5215,18.421
43,1981,9.13125,18.13375
43,1982,9.88675,17.719
43,1983,9.64725,17.9105
43,1984,9.105,17.412
43,1985,8.952666667,18.00433333
43,1986,9.962666667,16.929
43,1987,9.306714286,17.463
43,1988,9.402571429,18.296
43,1989,9.757571429,17.68785714
43,1990,9.632,17.67742857
43,1991,9.297428571,17.506
43,1992,9.575714286,17.89028571
43,1993,9.086857143,18.04671429
43,1994,9.119142857,17.99671429
43,1995,9.261571429,17.53857143
43,1996,9.545,17.73585714
43,1997,8.854857143,17.721
43,1998,8.880714286,18.51914286
43,1999,9.067428571,18.37385714
43,2000,8.657571429,17.96971429
43,2001,8.725285714,17.42014286
43,2002,8.835857143,17.81728571
43,2003,8.659571429,18.15785714
43,2004,8.244428571,18.378
43,2005,7.599714286,18.15942857
43,2006,8.588142857,18.38657143
43,2007,7.052571429,18.32285714
43,2008,8.338,17.90885714
43,2009,7.394714286,18.11371429
43,2010,7.495285714,18.58328571
43,2011,6.493571429,18.068
43,2012,7.211714286,18.246
43,2013,8.214714286,18.647
43,2014,8.016714286,18.67914286
43,2015,7.693428571,18.29857143
43,2016,6.224,17.31985714
43,2017,7.743857143,17.55857143
43,2018,7.043428571,17.30342857
43,2019,6.206428571,17.62457143
43,2020,5.503428571,18.36385714
43,2021,7.297285714,17.69
43,2022,6.868571429,17.35842857
43,2023,7.601285714,15.911
43,2024,6.856,16.407
43,2025,,
44,1978,10.668,17.561
44,1979,9.955,17.056
44,1980,9.983333333,18.04566667
44,1981,9.584333333,17.61433333
44,1982,10.395,17.411
44,1983,9.967333333,17.62066667
44,1984,9.55375,17.32625
44,1985,9.7415,17.6255
44,1986,10.23875,16.5715
44,1987,9.649285714,17.17257143
44,1988,9.739285714,18.01585714
44,1989,10.19385714,17.05728571
44,1990,10.056,17.06742857
44,1991,9.704571429,17.09471429
44,1992,9.957,17.508
44,1993,9.718857143,17.53128571
44,1994,9.845428571,17.826
44,1995,9.995714286,16.99057143
44,1996,9.763428571,17.291
44,1997,9.499,17.34514286
44,1998,9.228571429,18.18214286
44,1999,9.617,17.82571429
44,2000,9.138,17.68371429
44,2001,9.493571429,17.01757143
44,2002,9.208428571,17.41571429
44,2003,9.106571429,17.92485714
44,2004,8.813285714,18.05214286
44,2005,8.791428571,18.00814286
44,2006,9.072,17.91214286
44,2007,8.338285714,17.78014286
44,2008,9.104,17.83557143
44,2009,8.184428571,17.72485714
44,2010,7.962571429,18.294
44,2011,7.788714286,17.68942857
44,2012,7.912857143,17.75371429
44,2013,8.884571429,18.35742857
44,2014,8.854571429,18.352
44,2015,8.400571429,17.83285714
44,2016,6.991142857,16.86628571
44,2017,8.288285714,17.12242857
44,2018,8.136428571,16.84914286
44,2019,7.612428571,17.05571429
44,2020,6.332857143,18.09428571
44,2021,8.140857143,17.15242857
44,2022,7.807714286,16.95542857
44,2023,8.556,15.53685714
44,2024,7.588285714,15.83242857
44,2025,,
45,1978,11.13775,17.08575
45,1979,10.29825,16.57
45,1980,10.596,17.44625
45,1981,10.17225,16.9775
45,1982,10.864,16.923
45,1983,10.62075,17.22725
45,1984,10.09133333,17.042
45,1985,10.35966667,17.12066667
45,1986,10.673,16.20633333
45,1987,10.31385714,16.688
45,1988,10.21357143,17.50671429
45,1989,10.52471429,16.61157143
45,1990,10.51914286,16.58014286
45,1991,10.24757143,16.72514286
45,1992,10.45914286,17.03085714
45,1993,10.50828571,17.33314286
45,1994,10.311,17.60857143
45,1995,10.20428571,16.50014286
45,1996,9.903285714,16.93642857
45,1997,10.007,16.97971429
45,1998,9.737714286,17.51957143
45,1999,10.15628571,17.23442857
45,2000,9.579142857,17.26171429
45,2001,10.12,16.49657143
45,2002,9.604285714,16.692
45,2003,9.481428571,17.31085714
45,2004,9.425857143,17.43942857
45,2005,9.413,17.838
45,2006,9.392142857,17.306
45,2007,9.144857143,17.01028571
45,2008,9.689571429,17.51428571
45,2009,8.870285714,17.10885714
45,2010,8.785285714,17.74542857
45,2011,8.788714286,17.296
45,2012,8.597857143,17.26428571
45,2013,9.288428571,17.92642857
45,2014,9.510714286,17.661
45,2015,9.102428571,17.28042857
45,2016,7.421285714,16.38457143
45,2017,9.008428571,16.34142857
45,2018,9.049714286,16.10985714
45,2019,8.593142857,16.22228571
45,2020,7.875285714,17.45357143
45,2021,8.711857143,16.55085714
45,2022,8.793428571,16.39828571
45,2023,9.145571429,15.27171429
45,2024,8.327,15.24657143
45,2025,,
46,1978,11.565,16.02233333
46,1979,10.77666667,15.719
46,1980,10.981,16.87
46,1981,10.683,16.55033333
46,1982,11.19366667,16.48733333
46,1983,10.98933333,16.75466667
46,1984,10.75075,16.419
46,1985,10.82875,16.47425
46,1986,11.337,15.585
46,1987,10.89342857,16.16042857
46,1988,10.75928571,16.94171429
46,1989,10.84857143,16.012
46,1990,10.97857143,15.98314286
46,1991,10.75128571,16.10942857
46,1992,10.86142857,16.484
46,1993,11.06185714,16.78685714
46,1994,10.74328571,17.02457143
46,1995,10.644,15.837
46,1996,10.15542857,16.35071429
46,1997,10.471,16.391
46,1998,10.13785714,16.88214286
46,1999,10.51014286,16.55471429
46,2000,9.862,16.66985714
46,2001,10.71814286,15.90057143
46,2002,10.05585714,15.86214286
46,2003,9.828857143,16.69314286
46,2004,10.042,16.92957143
46,2005,9.877,17.22757143
46,2006,9.688571429,16.58957143
46,2007,9.695,16.02157143
46,2008,10.125,16.66442857
46,2009,9.270857143,16.49742857
46,2010,9.349571429,17.25285714
46,2011,9.228857143,16.67828571
46,2012,9.168,16.48142857
46,2013,9.624857143,17.25028571
46,2014,9.862428571,16.86685714
46,2015,9.626285714,16.70957143
46,2016,8.363571429,15.39457143
46,2017,9.486714286,15.20642857
46,2018,9.672857143,15.349
46,2019,9.221285714,15.30571429
46,2020,8.750285714,16.82914286
46,2021,9.351428571,15.912
46,2022,9.357571429,15.93685714
46,2023,9.758,14.63542857
46,2024,9.014714286,14.56742857
46,2025,,
47,1978,12.1595,14.856
47,1979,11.2345,14.781
47,1980,11.4905,15.91575
47,1981,11.153,16.003
47,1982,11.70925,15.7075
47,1983,11.558,16.08475
47,1984,11.45933333,15.57233333
47,1985,11.246,15.84266667
47,1986,11.78766667,14.70033333
47,1987,11.48657143,15.48671429
47,1988,11.427,16.279
47,1989,11.58914286,15.08771429
47,1990,11.40857143,14.86985714
47,1991,11.14657143,15.05671429
47,1992,11.633,15.83657143
47,1993,11.43971429,16.05642857
47,1994,11.08642857,15.95257143
47,1995,11.1,14.98442857
47,1996,10.56442857,15.27171429
47,1997,10.76057143,15.44357143
47,1998,10.61185714,16.10485714
47,1999,10.95542857,15.92885714
47,2000,10.169,16.05257143
47,2001,11.08242857,15.07614286
47,2002,10.67628571,14.80042857
47,2003,10.33814286,15.74742857
47,2004,10.439,16.09842857
47,2005,10.11785714,16.51842857
47,2006,9.855285714,15.41128571
47,2007,10.18985714,15.17857143
47,2008,10.57114286,15.86357143
47,2009,9.986714286,15.64942857
47,2010,9.729,16.75157143
47,2011,9.781714286,15.72242857
47,2012,9.942571429,15.49728571
47,2013,10.21571429,16.43471429
47,2014,10.286,15.97442857
47,2015,9.946285714,16.11828571
47,2016,8.682142857,14.04442857
47,2017,9.933142857,14.06285714
47,2018,10.44114286,14.45228571
47,2019,9.746285714,14.46842857
47,2020,9.191571429,16.18814286
47,2021,10.04085714,14.97585714
47,2022,9.752,15.39871429
47,2023,10.13857143,13.57442857
47,2024,9.525857143,13.73628571
47,2025,,
48,1978,12.69033333,13.643
48,1979,11.847,13.51666667
48,1980,12.276,14.68766667
48,1981,11.56766667,15.15566667
48,1982,11.99166667,14.52666667
48,1983,12.00033333,15.174
48,1984,11.888,14.4465
48,1985,11.75425,14.97475
48,1986,12.149,13.41675
48,1987,11.92157143,14.53371429
48,1988,11.94357143,15.26414286
48,1989,12.40928571,13.81914286
48,1990,11.92,13.457
48,1991,11.66885714,14.03942857
48,1992,12.23842857,14.79242857
48,1993,11.76328571,15.01471429
48,1994,11.56814286,14.72371429
48,1995,11.90171429,13.82371429
48,1996,11.14742857,13.88185714
48,1997,11.44614286,14.227
48,1998,11.03014286,15.23157143
48,1999,11.18385714,15.11785714
48,2000,10.67771429,15.04728571
48,2001,11.20085714,14.14742857
48,2002,11.31114286,13.73971429
48,2003,10.81185714,14.73542857
48,2004,10.866,14.98342857
48,2005,10.67485714,15.315
48,2006,10.17857143,13.88357143
48,2007,10.66014286,14.373
48,2008,10.99585714,14.98328571
48,2009,10.63828571,14.67614286
48,2010,10.05871429,16.07571429
48,2011,10.36385714,14.77257143
48,2012,10.57842857,14.171
48,2013,10.84042857,15.47842857
48,2014,10.79128571,15.08314286
48,2015,10.42642857,15.13542857
48,2016,9.086714286,12.97414286
48,2017,10.55385714,13.02771429
48,2018,10.87128571,13.52014286
48,2019,10.21485714,13.45871429
48,2020,9.820285714,15.02728571
48,2021,10.55642857,13.84014286
48,2022,10.206,14.34585714
48,2023,10.38557143,12.15642857
48,2024,9.963142857,12.78657143
48,2025,,
49,1978,12.90975,12.58125
49,1979,12.656,12.21575
49,1980,12.85575,13.2955
49,1981,12.17875,14.13125
49,1982,12.7165,12.6855
49,1983,12.4945,13.96325
49,1984,12.45733333,12.95
49,1985,12.36266667,13.818
49,1986,12.65233333,12.24466667
49,1987,12.3735,13.54975
49,1988,12.53571429,14.24057143
49,1989,13.02771429,12.30028571
49,1990,12.576,12.15557143
49,1991,12.20471429,12.88585714
49,1992,12.77257143,13.47285714
49,1993,12.26385714,13.653
49,1994,12.17042857,13.35828571
49,1995,12.46828571,12.58128571
49,1996,11.94457143,12.57057143
49,1997,12.30257143,13.049
49,1998,11.58671429,13.89157143
49,1999,11.59271429,13.899
49,2000,11.30985714,13.73757143
49,2001,11.62271429,12.815
49,2002,11.88871429,12.912
49,2003,11.528,13.48585714
49,2004,11.61214286,13.698
49,2005,11.20571429,13.91771429
49,2006,11.12271429,12.18414286
49,2007,11.19528571,13.55771429
49,2008,11.589,14.03871429
49,2009,11.22,13.49814286
49,2010,10.67457143,14.89785714
49,2011,10.85528571,13.96371429
49,2012,11.33985714,12.78542857
49,2013,11.61071429,14.268
49,2014,11.554,14.11857143
49,2015,11.09914286,13.82714286
49,2016,9.999285714,11.76842857
49,2017,11.073,11.75014286
49,2018,11.22485714,12.31785714
49,2019,10.902,12.22528571
49,2020,10.40128571,13.84157143
49,2021,11.14814286,12.66785714
49,2022,10.57342857,13.07442857
49,2023,11.00914286,10.35428571
49,2024,10.632,11.754
49,2025,,
50,1978,13.563,11.15466667
50,1979,13.22033333,10.32566667
50,1980,13.40033333,11.642
50,1981,12.82066667,12.764
50,1982,13.179,10.899
50,1983,12.98733333,12.40266667
50,1984,12.92925,11.36525
50,1985,12.7355,12.701
50,1986,12.845,10.618
50,1987,,
50,1988,13.16857143,13.10257143
50,1989,13.28314286,10.43442857
50,1990,12.94528571,10.741
50,1991,12.62328571,11.39028571
50,1992,13.19785714,12.12142857
50,1993,12.92428571,11.90314286
50,1994,12.74585714,11.76785714
50,1995,12.71842857,11.30485714
50,1996,12.54885714,10.95528571
50,1997,12.71471429,11.90142857
50,1998,12.222,12.25928571
50,1999,12.18585714,12.70228571
50,2000,12.06457143,12.25771429
50,2001,12.15185714,11.18985714
50,2002,12.24342857,11.88985714
50,2003,12.16685714,11.86571429
50,2004,12.23185714,12.43728571
50,2005,11.63085714,12.05685714
50,2006,11.82857143,10.38685714
50,2007,11.69628571,12.74685714
50,2008,12.24757143,12.80285714
50,2009,11.64057143,12.114
50,2010,11.40114286,13.41785714
50,2011,11.56614286,13.18728571
50,2012,11.79342857,11.34942857
50,2013,11.98214286,12.859
50,2014,12.04785714,13.05071429
50,2015,11.62514286,12.21885714
50,2016,10.63728571,10.25214286
50,2017,11.77614286,10.08514286
50,2018,11.70314286,10.43071429
50,2019,11.67785714,10.45828571
50,2020,11.08414286,12.45385714
50,2021,11.49914286,11.22557143
50,2022,11.23585714,11.513
50,2023,11.82042857,8.982142857
50,2024,11.01442857,10.32914286
50,2025,,
51,1978,13.971,9.51625
51,1979,13.46475,8.182
51,1980,13.7635,9.983
51,1981,13.518,11.10775
51,1982,13.711,9.30425
51,1983,13.30675,10.89225
51,1984,13.15566667,9.745333333
51,1985,13.19966667,11.019
51,1986,13.191,9.341
51,1987,,
51,1988,13.64942857,11.75914286
51,1989,13.525,8.591
51,1990,13.384,9.186857143
51,1991,13.04585714,9.693428571
51,1992,13.42642857,10.27071429
51,1993,13.36085714,10.18
51,1994,13.14885714,10.39542857
51,1995,13.096,9.706428571
51,1996,13.07985714,8.993428571
51,1997,13.11014286,10.388
51,1998,12.75214286,10.57
51,1999,12.583,11.12857143
51,2000,12.56942857,10.48371429
51,2001,12.75171429,9.583428571
51,2002,12.78785714,10.572
51,2003,12.78985714,10.27728571
51,2004,12.60814286,10.47114286
51,2005,12.17657143,9.938857143
51,2006,12.33885714,8.742285714
51,2007,12.29357143,11.761
51,2008,12.38528571,11.48557143
51,2009,12.29457143,10.76228571
51,2010,11.94557143,11.76885714
51,2011,12.08671429,11.97542857
51,2012,12.13857143,9.735142857
51,2013,12.27228571,11.60357143
51,2014,12.42571429,11.81442857
51,2015,12.13642857,10.40371429
51,2016,11.48428571,8.417571429
51,2017,12.04057143,8.464428571
51,2018,12.09185714,8.253
51,2019,12.07671429,8.836428571
51,2020,11.88714286,10.74285714
51,2021,12.05171429,9.657571429
51,2022,11.97442857,9.392857143
51,2023,12.47157143,7.958571429
51,2024,11.54614286,8.997142857
51,2025,,
52,1978,14.38366667,7.952333333
52,1979,13.936,6.615
52,1980,13.859,8.120666667
52,1981,13.92866667,8.884
52,1982,14.024,7.797333333
52,1983,13.39566667,9.119666667
52,1984,13.3795,8.24675
52,1985,13.60475,9.209
52,1986,13.664,8.22475
52,1987,,
52,1988,13.92085714,10.07085714
52,1989,13.81985714,7.457142857
52,1990,13.53328571,8.075714286
52,1991,13.49257143,8.123285714
52,1992,13.66314286,8.432285714
52,1993,13.68942857,8.224857143
52,1994,13.63157143,9.132857143
52,1995,13.48071429,8.516
52,1996,13.52514286,7.472857143
52,1997,13.54671429,8.306428571
52,1998,13.39457143,8.771714286
52,1999,13.07128571,9.164714286
52,2000,12.895,8.880285714
52,2001,13.30714286,8.187571429
52,2002,13.15114286,8.992857143
52,2003,13.22557143,8.775285714
52,2004,12.86142857,8.434
52,2005,12.53928571,8.292857143
52,2006,12.81571429,7.521428571
52,2007,12.825,10.30385714
52,2008,12.71814286,9.889142857
52,2009,12.675,9.362857143
52,2010,12.17142857,9.690571429
52,2011,12.52728571,10.21757143
52,2012,12.65228571,8.143285714
52,2013,12.58985714,9.957
52,2014,12.84314286,10.39014286
52,2015,12.47371429,9.249714286
52,2016,11.84014286,7.098571429
52,2017,12.24714286,7.161285714
52,2018,12.32942857,6.242428571
52,2019,12.55328571,7.324571429
52,2020,12.43828571,8.786714286
52,2021,12.64542857,7.584857143
52,2022,12.35428571,7.369857143
52,2023,12.96657143,6.945857143
52,2024,12.08014286,7.841714286
52,2025,,
53,1978,14.585,7.283
53,1979,14.092,6.124
53,1980,14.1325,6.906
53,1981,14.10166667,7.682333333
53,1982,14.162,6.933333333
53,1983,13.7415,7.731
53,1984,13.789,7.171
53,1985,13.701,8.132
53,1986,13.9965,7.1675
53,1987,,
53,1988,14.14142857,8.086285714
53,1989,14.099,6.885
53,1990,13.4615,7.2765
53,1991,13.911,7.104
53,1992,13.845,6.831
53,1993,13.92116667,7.097833333
53,1994,13.94557143,7.896714286
53,1995,13.702,7.837
53,1996,13.67,6.434333333
53,1997,13.89675,6.71775
53,1998,13.685,7.3002
53,1999,13.334,7.7825
53,2000,13.17771429,7.511285714
53,2001,13.4825,7.3175
53,2002,13.45466667,7.927
53,2003,13.3595,7.6985
53,2004,12.98316667,7.342666667
53,2005,12.93842857,6.806142857
53,2006,13.072,6.838
53,2007,13.033,9.3825
53,2008,12.94625,8.44925
53,2009,13.0348,8.1292
53,2010,12.4585,7.816666667
53,2011,12.91542857,8.317
53,2012,12.9165,7.2845
53,2013,12.84233333,8.882666667
53,2014,12.9875,9.6615
53,2015,12.7444,7.7926
53,2016,12.36928571,6.015714286
53,2017,12.397,6.591
53,2018,12.595,5.543
53,2019,12.84233333,6.586
53,2020,12.606,7.0958
53,2021,13.0065,6.2935
53,2022,12.52728571,5.441142857
53,2023,13.098,6.147
53,2024,12.35533333,7.215333333
53,2025,,
